,Tweet
0,"US Presidential Debate 2020: Joe Biden calls Trump 'a clown', asks him to 'shut up' in first fiery face-off. @realDonaldTrump."
1,"US Presidential Debate 2020: Trump, Biden spar over Supreme Court, ... US Presidential election 2020: Trump could return to White House tomorrow, ..."
2,"Screenshot from the first Presidential debate 2020... #Debatenight #Debate2020 #debates. Image. Bob Cayne · @LetsFaceItCare. ·. Sep 30, 2020."
3,"US Presidential Debate 2020 in a nutshell. Embedded video. 0:19 · 6:40 PM · Oct 2, 2020 · 19.6K. Retweets · 488. Quotes · 61.7K. Likes. 1,665. Bookmarks."
4,"US Presidential Debate 2020: Trump and Biden debate on issue of race. #ITVideo #Debates2020 · Embedded video. 7:25. 1.9K views · 4:09 AM · Oct 23, 2020."
5,"Sep 30, 2020 — Screenshot from the first Presidential debate 2020... #Debatenight #Debate2020 #debates. Image. 1. 6. Africa Research Desk · @MightiJamie."
6,Who won the First Presidential Debate 2020? I heard it just got over in US..
7,"Sep 30, 2020 — Screenshot from the first Presidential debate 2020... #Debatenight #Debate2020 #debates. Image. 1. C. Deanne Rowe Author ☮️."
8,"US Presidential Debate 2020: Trump, Biden spar over Supreme Court, ... US Presidential election 2020: Trump could return to White House tomorrow, ..."
9,"Sep 30, 2020 — In the first 20 minutes, both candidates stayed mostly on topic https://nbcnews.com/politics/2020-election/first-presidential-debate-2020-topics ..."
10,"US Presidential Debate 2020 - Gado https://buff.ly/3jfE4OS. Image. 9:52 AM · Sep 30, 2020 · 37. Retweets · 6. Quotes · 99. Likes · Tim Odiaga · @timodiaga."
11,Presidential debate 2020 memes: 'Worse than a Real Housewives reunion'. cnet.com. Presidential debate memes: 'Worse than a Real Housewives fight'.
12,"Sep 30, 2020 — Screenshot from the first Presidential debate 2020... #Debatenight #Debate2020 #debates. Image. veronica o'brien · @blackwidow07."
13,"Sep 30, 2020 — Screenshot from the first Presidential debate 2020... #Debatenight #Debate2020 #debates. Image. 1. Vmac · @Vmac_014. ·. Sep 30, 2020."
14,Who do you expect to win the first Presidential debate 2020? Vote & Retweet! این نظرسنجی نشان داده شود.
15,"Sep 30, 2020 — Screenshot from the first Presidential debate 2020... #Debatenight #Debate2020 #debates. Image. 3. Barbara Woods · @woodsnyc. ·."
16,Presidential debate 2020: Voters react to final Trump-Biden clash - BBC News. Voter Panel · bbc.com. Presidential debate 2020: Voters react to final ...
17,"Sep 30, 2020 — Who do you expect to win the first Presidential debate 2020? Vote & Retweet! Amosar esta enquisa."
18,"Sep 30, 2020 — Screenshot from the first Presidential debate 2020... #Debatenight #Debate2020 #debates. Image. 1. のりんご☆P （河内家菊舞丸）."
19,"Sep 30, 2020 — Who do you expect to win the first Presidential debate 2020? Vote & Retweet! Show this poll."
20,"Oct 23, 2020 — The air is filthy: US President Donald Trump on climate change during the #PresidentialDebate US Presidential debate 2020 live updates: ..."
21,... in federal income taxes in 2016 and 2017 #Debates2020 https://wsj.com/livecoverage/trump-biden-first-presidential-debate-2020/card/hckrLtRDVizmkYErwFk0…
22,"Oct 8, 2020 — Who do you feel won the Vice Presidential Debate 2020? Vote & Retweet. Show this poll."
23,"Sep 29, 2020 — Who do you expect to win the first Presidential debate 2020? Vote & Retweet! Show this poll."
24,"Sep 30, 2020 — Screenshot from the first Presidential debate 2020... #Debatenight #Debate2020 #debates. Image. michael w gogger sr."
25,"Sep 30, 2020 — Screenshot from the first Presidential debate 2020... #Debatenight #Debate2020 #debates. Image. Emily · @Emilyhcul75. ·. Sep 30, 2020. Image."
26,"Vice ℙresidential Debate 2020 : The University of Utah : Kingsbury Hall, Nancy Peery Marriott Auditorium. ⏰: 7 - 8:30PM MST."
27,"Sep 30, 2020 — ""I guess I'm debating you, not [Biden]."" #Debates2020 http://nws.mx/tv · Embedded video. 1:41. 47.7K views. Presidential Debate 2020."
28,Who won the First Presidential Debate 2020? I heard it just got over in US..
29,"US Election 2020, Donald Trump vs Joe Biden Presidential Debate 2020: Trump, while defending his government's decision to exit the Paris Accord, ..."
30,"US Presidential Debate 2020 Highlights: Trump, Biden spar over coronavirus, climate change and race... Highlights of the final presidential debate between ..."
31,"Sep 30, 2020 — @Terrence_STR. ·. Sep 30, 2020. Screenshot from the first Presidential debate 2020... #Debatenight #Debate2020 #debates. Image. 1."
32,"Sep 30, 2020 — Screenshot from the first Presidential debate 2020... #Debatenight #Debate2020 #debates. Image. 2. 7. ΛЦƧƬΣЯIƬY IƧ MЦЯDΣЯ."
33,"IVANKA & TRUMPS REFUSE TO WEAR MASKS AT 1ST PRESIDENTIAL DEBATE 2020 Sep 29: ""...2 days before she reported testing positive for the coronavirus."
34,Vice presidential debate 2020: Fact-checking Harris and Pence ...
35,"Sep 30, 2020 — Screenshot from the first Presidential debate 2020... #Debatenight #Debate2020 #debates. الصورة. ٣. Barbara Woods · @woodsnyc. ·."
36,Mickah Claron's answer on the first round of the Presidential Debate 2020 - Fast Talk. #ClaronFEUHSSGPresident #PunlaNgBagongSimula #TindigServantLeaders.
37,IANS New York Bureau analysis of top takeaways from the first US presidential debate 2020#NewYork#USPresidentialDebate2020#USIANS TV - For the latest and ...
38,"Sep 30, 2020 — Screenshot from the first Presidential debate 2020... #Debatenight #Debate2020 #debates. Image. 1. Josh Klemons · @jlemonsk. ·. Sep 30, 2020."
39,"Sep 30, 2020 — Here are the key highlights: https://cnbctv18.com/politics/fact-check-claims-from-trump-and-bidens-first-us-presidential-debate-2020-7060501.htm ..."
40,"Sep 30, 2020 — Screenshot from the first Presidential debate 2020... #Debatenight #Debate2020 #debates. Image. 2. Nicole Danielle · @OnTheGoNicole."
41,"Sep 30, 2020 — Screenshot from the first Presidential debate 2020... #Debatenight #Debate2020 #debates. Image. 1. 1. Luke Kowalski · @LukeKowalski1. ·."
42,"Oct 8, 2020 — Ozellis1miller@yahoo.com · @ozellis1miller. Vice presidential debate 2020. Translate Tweet. Image. 2:20 PM · Oct 8, 2020."
43,"Sep 28, 2020 — Who do you expect to win the first Presidential debate 2020? Vote & Retweet! Show this poll."
44,"Oct 24, 2020 — ... https://freeandequal.org/third-open-presidential-debate-2020/…… freeandequal.org. Third Open Presidential Debate 2020 - Free and Equal."
45,"Sep 30, 2020 — It was true. https://vox.com/2020/9/29/21494803/presidential-debate-2020-joe-biden-us-covid-deaths… #Debates2020. Image. 4:02 AM · Sep 30, ..."
46,... https://nationalpost.com/news/world/u-s-vice-presidential-debate-2020-livestream-mike-pence-kamala-harris-salt-lake-city/wcm/f502a644-2af5-4008-b2ff- ...
47,"Sep 30, 2020 — Screenshot from the first Presidential debate 2020... #Debatenight #Debate2020 #debates. Image. 1. 3. Trying to Forget · @MusingsofCodyJ."
48,"Jun 14, 2023 — Discover more ; 3h · youtube.com. Rap Song of ""The Big Guy"". Trump vs Biden Presidential Debate 2020 ; 3h · youtube.com. HOLY MOLY!!! The press ..."
49,"Sep 30, 2020 — Screenshot from the first Presidential debate 2020... #Debatenight #Debate2020 #debates. Image. Gary Steel · @philasem. ·. Sep 30, 2020."
50,Who do you expect to win the first Presidential debate 2020? Vote & Retweet! این نظرسنجی نشان داده شود.
51,Presidential Debate Live Analysis - Trump Faces Biden https://wsj.com/livecoverage/trump-biden-first-presidential-debate-2020… via.
52,"Climate Change had its fair share of air time at the Presidential Debate 2020. While Trump wants ""crystal clear water and air"", Biden says no to coal and ..."
53,"US Presidential Debate 2020 Highlights: Trump, Biden spar over coronavirus, climate change and race... Highlights of the final presidential debate between ..."
54,Vice presidential debate 2020: Fact-checking Harris and Pence. Who told the truth and who shared a whopper? NBC News breaks down claims by Harris and Pence ...
55,"Sep 30, 2020 — Screenshot from the first Presidential debate 2020... #Debatenight #Debate2020 #debates. Image. Shahar Azani · @ShaharAzani. ·. Sep 30, 2020."
56,"Oct 8, 2020 — Vice-presidential debate 2020: Blow-by-blow as Kamala Harris and Mike Pence clash. Democrat Kamala Harris called Donald Trump's handling of ..."
57,"Sep 30, 2020 — Screenshot from the first Presidential debate 2020... #Debatenight #Debate2020 #debates. Image. 1. Dustin Templeton · @dtempleton_smb."
58,"7,064. 18.4K. JD Tweeter is Crazy · @Jamison247. ·. Oct 10, 2020. Body Language: Vice Presidential Debate 2020 Pence Harris https://youtu.be/Ce8e0Zzx_U0 via."
59,and Case Western Reserve University for hosting tonight's Presidential debate #2020. Image. 2. 7. Nicola Ziady Retweeted.
60,Final Presidential Debate 2020 REMIX Ft. Lil' KC - WTFBRAHH https://youtu.be/mcXK-QXexUI via. @YouTube · @amy_begnaud · sarah7583 · @sarah75831.
61,"Sep 29, 2020 — Who do you expect to win the first Presidential debate 2020? Vote & Retweet! Show this poll. Billboard Roadie."
62,Body Language: First Presidential Debate 2020 https://youtu.be/qG3AoawrYNk via. @YouTube · Stephany Fischl · @StephanyFischl.
63,the first presidential debate (2020). Image. 100. 25.2K. 209.1K. wendy · @photonverse. Black Lives Matter https://blackmentalhealthmatters.carrd.co/# ...
64,"Sep 30, 2020 — Screenshot from the first Presidential debate 2020... #Debatenight #Debate2020 #debates. Image. 1. Abdul محمد · @AbdulYul. ·."
65,"Sep 30, 2020 — Screenshot from the first Presidential debate 2020... #Debatenight #Debate2020 #debates. Image. 2. Dr FAB, MD · @DrFariyaBukhari. ·."
66,"the first presidential debate (2020). Image. 100. 25.2K. 209.2K. Show this thread · haley decker · @haleydecker. ·. Sep 30, 2020."
67,Final Presidential Debate 2020 REMIX Ft. Lil' KC - WTFBRAHH. All our social media links:http://theremixbros.com/WTFBRAHH MERCH ...
68,"Sep 30, 2020 — Screenshot from the first Presidential debate 2020... #Debatenight #Debate2020 #debates. Image. 2:50 AM · Sep 30, 2020."
69,... not going to cut it. https://usatoday.com/story/opinion/2020/09/30/presidential-debate-2020-trumps-behavior-disgusted-female-voters-column/3585267001/…
70,"Awesome Presidential Debate 2020. This election will go down in history, this is a fight of Good and Evil.. The fight between Donald Trump and Joe Biden."
71,"Jun 5, 2023 — ... being too tough on crime? https://wsj.com/livecoverage/trump-biden-final-presidential-debate-2020-thursday/card/ugPhP6IWuslXJZ72oAGd…"
72,"US Presidential Debate 2020 in a nutshell. Embedded video. 0:19. 138. 20.1K. 61.7K. Heather Corbin Retweeted · Chip Gaines · @chipgaines. ·. Jun 14, 2020."
73,... Al Yankovic's take on the weird Presidential debate 2020.Original clip: https://www.nytimes.com/video/opinion/100000007370133/presidential-debate-weird.
74,The Final Presidential Debate 2020 will be broadcasted on our wide screens. Starting at 8PM. Stay informed. Karaoke with.
75,"Oct 2, 2020 — US Presidential Debate 2020 in a nutshell. Embedded video. 0:19. 599.9K views. 138. 20.2K. 62K. VGAddict · @VGAddict_FTW."
76,"Presidential Debate 2020. Image. 1. Charles Ishimwe · @charlesishimwe1. ·. Aug 29, 2020. Pure heart! until next time! Quote Tweet."
77,"Yeah, presidential debate 2020. Embedded video. 0:34. 7. 812. 1,992. Ryan Marter Retweeted · NFL Memes · @NFL_Memes. ·. Sep 13, 2020."
78,Donald Trump & Joe Biden First Presidential Debate 2020 Word Frequencies Extraction - playing around with regex to process semi-structured text.
79,"US Presidential Debate 2020 in a nutshell. Embedded video. 0:19. 138. 20.1K. 61.7K. karinini Retweeted · Cardi B · @iamcardib. ·. Oct 2, 2020."
80,"Trump vs Biden Presidential Debate 2020. moments from the final Trump-Biden presidential debateon THU, OCT 22 2020 · janice hraga."
81,Vice presidential debate 2020. Taking place in my home town! Biden/Harris 2020 #VPDebate #VPDebate2020 · Virginia Gee Retweeted · Square profile picture.
82,youtube.com. Mike Pence has a fly on his head! Vice presidential Debate 2020 · Nihaar Gupta Retweeted · Barack Obama · @BarackObama.
83,"Jun 5, 2023 — ... being too tough on crime? https://wsj.com/livecoverage/trump-biden-final-presidential-debate-2020-thursday/card/ugPhP6IWuslXJZ72oAGd…"
84,"Yeah, presidential debate 2020. Embedded video. 0:34. 71K views. 7. 814. 1,993. Kale Westin Daniels Retweeted · Courtney Daniels."
85,Final Presidential Debate 2020 REMIX - TRUMP vs Biden #coub https://coub.com/v/2l5l1w · Embedded video. 0:10. 30 views.
86,"Sep 29, 2020 — Who do you expect to win the first Presidential debate 2020? Vote & Retweet! Show this poll."
87,"the first presidential debate (2020). Image. 100. 25.2K. 209.5K. Show this thread · Jos Retweeted · chanel · @lyssachanel. ·. Sep 12, 2020."
88,"The Presidential Debate 2020 between President Donald Trump and Presidential Candidate Joe Biden is about to begin, moderated by Chirs Wallace."
89,"Patrick Bullock Retweeted · not Johnny Manziel (parody) · @JohnnyFootbalI. ·. Sep 30, 2020. Yeah, presidential debate 2020. Embedded video. 0:34. 71K views."
90,"the first presidential debate (2020). Image. 100. 25.3K. 210.1K. Show this thread · Ella Berard Retweeted · kailee · @KaileeDaniellee. ·. Sep 30, 2020."
91,Presidential debate 2020: Trump and Biden final debate fact-checked. The final face off between Donald Trump and Joe Biden covered a wide range of issues.
92,"Yeah, presidential debate 2020. Embedded video. 0:34. 71K views. 7. 815. 1,998. Jack Faron · @jfaron20. ·. Sep 30, 2020. Whats your take after that? Trump."
93,"youtube.com. Rap Song of ""The Big Guy"". Trump vs Biden Presidential Debate 2020. moments from the final Trump-Biden presidential debateon THU, OCT 22 2020."
94,Presidential debate 2020 #Debate2020 #debate #PresidentialDebate. Image. 1. 1. Pure Indie Rock · @pureindierock.
95,US presidential debate 2020: schedule of next Joe Biden and Donald Trump debates - and when vice presidential candidates go head to head https://trib.al/ ...
96,"Tweet #PackersCelly. Cody Hampton Retweeted · not Johnny Manziel (parody) · @JohnnyFootbalI. ·. Sep 30, 2020. Yeah, presidential debate 2020. Embedded video."
97,"Jun 5, 2023 — ... being too tough on crime? https://wsj.com/livecoverage/trump-biden-final-presidential-debate-2020-thursday/card/ugPhP6IWuslXJZ72oAGd…"
98,"Adam Gable Retweeted · not Johnny Manziel (parody) · @JohnnyFootbalI. ·. Sep 30, 2020. Yeah, presidential debate 2020. Embedded video. 0:34. 71K views."
99,The most remarkable thing about Biden's statement? It was true. https://vox.com/2020/9/29/21494803/presidential-debate-2020-joe-biden-us-covid-deaths…
,Tweet
0,#JoeBiden kicks off the Presidential Debate for #USElections2020 vs #DonaldTrump @JoeBiden @realDonaldTrump #PresidentialDebate2020 #LIVE.
1,"says people are learning to live with #COVID19, he retorts with ""People are learning to die with it, too"" #PresidentialDebate2020 http://arab.news/my3tv."
2,#PresidentialDebate2020 | US President. @realDonaldTrump. says his administration did a phenomenal job with the COVID-19 situation.
3,"See new Tweets. Conversation. Katie Couric · @katiecouric. This is a train wreck. #PresidentialDebate2020 · 1:18 AM · Sep 30, 2020."
4,Climate is one of this week's #PresidentialDebate2020 topics. But where's the interest? USC poll from September: Only 4% of voters put climate as their top ...
5,"Conversation. Elaine Welteroth · @ElaineWelteroth. Somebody get this moderator a stiff drink!!! #PresidentialDebate2020 · 2:41 AM · Sep 30, 2020."
6,"Sep 30, 2020. What is the Trump healthcare plan to replace The Affordable Care Act/Obamacare that he's made it a point to repeal? #PresidentialDebate2020."
7,Trump - millions of dollars Biden : I will abolish Trump Tax cuts Biden: you are the worst president America has ever had #PresidentialDebate2020.
8,"Oct 23, 2020 — I thought that was part of this #DebateTonight #Trump can't help him self! #Debates2020 #PresidentialDebate2020."
9,"Sep 30, 2020. What is the Trump healthcare plan to replace The Affordable Care Act/Obamacare that he's made it a point to repeal? #PresidentialDebate2020."
,Tweet
0,Debate Night 5-10 - Thoughts on DeLa - New world rankings system - Ratings suck - Best mid-round snack - Foundation Opening https://youtu.be/yvqTMp5Ca68.
1,"Weigh in on #debatenight with. @microsoftpulse. and. @MSNBC. right here: msnbc.com. 2016 Debate. Hillary Clinton and Donald Trump square off on Oct. 9, ..."
2,"#debatenight #Debate So... he paid as little taxes as possible. Who doesn't? Change the code. 1:32 AM · Sep 27, 2016."
3,"is winning tonight. #DebateNight #DebateHeadache. 1. HIM · @_Mrtoosmooth. ·. Oct 20, 2016. what app is that? Buffay Sommers · @XOLove_ST. ·. Oct 20, 2016."
4,"#debatenight · @HillaryClinton. during the final debate with. @realDonaldTrump. in Las Vegas Watch LIVE: http://ndtv.com/live. Image. 1:14 AM · Oct 20, 2016."
5,"#debatenight. Image. 2:10 AM · Oct 20, 2016 · 1,867. Retweets · 75. Quotes · 1,367. Likes · Jason Schnur-2023 Cardinals “Rhode Island or Bust”."
6,"See new Tweets. Conversation. Craig Ferguson · @CraigyFerg. When's Larry David on? #debatenight · 1:47 AM · Oct 20, 2016."
7,"good god i hope this is true #debatenight. Image. 1:12 AM · Oct 20, 2016 · 1,757. Retweets · 95. Quotes · 4,393. Likes."
8,"See new Tweets. Conversation. Craig Ferguson · @CraigyFerg. I want a puppet! #debatenight · 1:31 AM · Oct 20, 2016 · 177. Retweets."
9,"Jun 26, 2019 — Hey you crazy kids! Tonight is debate night and you know that means we have a new drinking game. Come be political with us!"
,Tweet
0,Debate Night 5-10 - Thoughts on DeLa - New world rankings system - Ratings suck - Best mid-round snack - Foundation Opening https://youtu.be/yvqTMp5Ca68.
1,"#debatenight #Debate So... he paid as little taxes as possible. Who doesn't? Change the code. 1:32 AM · Sep 27, 2016."
2,"is winning tonight. #DebateNight #DebateHeadache. 1. HIM · @_Mrtoosmooth. ·. Oct 20, 2016. what app is that? Buffay Sommers · @XOLove_ST. ·. Oct 20, 2016."
3,"#debatenight. Image. 2:10 AM · Oct 20, 2016 · 1,867. Retweets · 75. Quotes · 1,367. Likes · Jason Schnur-2023 Cardinals “Rhode Island or Bust”."
4,"#debatenight · @HillaryClinton. during the final debate with. @realDonaldTrump. in Las Vegas Watch LIVE: http://ndtv.com/live. Image. 1:14 AM · Oct 20, 2016."
5,"See new Tweets. Conversation. Craig Ferguson · @CraigyFerg. When's Larry David on? #debatenight · 1:47 AM · Oct 20, 2016."
6,"good god i hope this is true #debatenight. Image. 1:12 AM · Oct 20, 2016 · 1,757. Retweets · 95. Quotes · 4,393. Likes."
7,"See new Tweets. Conversation. Craig Ferguson · @CraigyFerg. I want a puppet! #debatenight · 1:31 AM · Oct 20, 2016 · 177. Retweets."
8,"Jun 26, 2019 — Hey you crazy kids! Tonight is debate night and you know that means we have a new drinking game. Come be political with us!"
9,"Conversation. Elizabeth Banks ❄️ · @ElizabethBanks. Climate change? Anyone? Bueller? #debatenight · 2:34 AM · Oct 20, 2016."
10,"#debatenight. 2. 3. Sarah Jackman · @VviewSsonicMair. ·. Oct 20, 2016. to quote Annie...""They're bad people!"" Omg he is a piece of work."
11,"Taking a break from #Debatenight to enjoy some fresh air outside w/ Maple. Image. 1:44 AM · Sep 27, 2016 · 42. Retweets · 4. Quotes · 279. Likes. 1."
12,Square profile picture · NDTV · @ndtv . @HillaryClinton. vs. @realDonaldTrump. – US Presidential Debate #debatenight #debates Highlights: ...
13,"Conversation. Leah Wright Rigueur · @LeahRigueur. This CNN panel is... not good. #debatenight · 3:13 AM · Oct 20, 2016."
14,"President Clinton, if you're nasty #debatenight Nasty Woman. Image. 3:53 AM · Oct 20, 2016 · 183. Retweets."
15,"How to Trump during #Debatenight. Image. 1:39 AM · Oct 20, 2016 · 1,191. Retweets · 87. Quotes · 1,451. Likes · Zac Bowling · @zbowling. ·."
16,PRETTY airports are important. Duh! #sarcasm #debatenight https://twitter.com/parrotheadkati ...
17,"Pinpin, my adorable dog, and I so ready to hop on the jet. Adam Parkhomenko · @AdamParkhomenko. ·. Jul 31, 2019. His first debate night verified tho."
18,"The Foolest · @twodotohmafia · read that header tho hella ominous, predictive ; Reezy · @Reezymythoughts · “ @fakeshoredrive. : H.R.C. M.O.B. #debatenight ”lmao."
19,"Trump responds to sexual assault allegations #debatenight. Image. 2:17 AM · Oct 20, 2016 · 44. Retweets · 29. Quotes · 66. Likes · Seamus Thebear."
20,"Hillary Blinton #debatenight. Image. 3. meme vids In my media · @Nick_Tweetz. ·. Sep 27, 2016. Woop woop I'll allow it RT."
21,"See new Tweets. Conversation. Oxford Politics · @OUPPolitics. What are “entitlements”? #WENtK #debatenight. Image. 2:30 AM · Oct 20, 2016."
22,"What happens in Vegas...Wayne Newton is at #DebateNight. Image. 12:48 AM · Oct 20, 2016 · 8. Retweets · 5. Quotes · 32. Likes · Robert Grenader."
23,"Conversation. Tyrion Lannister · @GoT_Tyrion. There is only one clear choice... #debatenight. Image. 2:09 AM · Oct 20, 2016."
24,"Less emails or tax returns please! #debatenight · 1:37 AM · Sep 27, 2016 · 242. Retweets · 12. Quotes · 1,019. Likes · Montemole · @montemole. ·."
25,"I'll keep my comments to myself smh. #debatenight · 3:13 AM · Sep 27, 2016 · 32. Retweets · 4. Quotes · 260. Likes · Michael London · @Mlondon83. ·."
26,"See new Tweets. Conversation. AMIR K · @AMIRCOMEDY. The guy. @realDonaldTrump. thinks hacked the DNC. #debatenight. Image. 2:12 AM · Sep 27, 2016."
27,"Conversation. World of Outlaws · @WorldofOutlaws. Water truck or no water truck? #debatenight · 2:05 AM · Oct 20, 2016."
28,"If this #debatenight were a Mortal Kombat set, both of them would be trying to do a fatality on the other person and missing every input."
29,"Conversation. Chelsea Peretti · @chelseaperetti. MELANIA SAID HE APOLOGIZED!!! #debatenight · 1:54 AM · Oct 20, 2016."
30,"What #DEBATENIGHT feels like! #IDIOCRACY #Camachoisback. Image. 5:41 PM · Oct 19, 2016 · 48. Retweets · 11. Quotes · 150. Likes · Tim Stevenson."
31,"See new Tweets. Conversation. Alison Lundergan Grimes · @AlisonForKY. She won. #Stamina #debatenight · 2:38 AM · Sep 27, 2016."
32,"Clinton-Trump #debatenight fact check http://thr.cm/9aoKHL. Image. 5:10 PM · Sep 27, 2016 · 46. Retweets · 3. Quotes · 79. Likes · The Bandit · @BandiVan. ·."
33,"Thanks for tuning in! #TeamCameron #DebateNight · Embedded video. 0:20 · 1:57 AM · Mar 8, 2023. ·. 21.1K. Views."
34,"See new Tweets. Conversation. Square profile picture · People · @people. It is a word! #DebateNight. Image. 2:00 AM · Sep 27, 2016 from Manhattan, NY."
35,#HillaryClinton and #DonaldTrump stay divided on immigration laws #debate #debatenight Track live updates on ...
36,"""Stick to Sports"": A #debatenight tradition for sports journalists who dare discuss it. Image. 2:07 AM · Oct 20, 2016."
37,"WERE THEY KILLED BY GUNS ORANGE ANUS #debatenight · 1:21 AM · Oct 20, 2016 · 81. Retweets · 13. Quotes · 506. Likes · Verena King-Boxleitner · @verenaking."
38,"#debatenight staying awake to watch this historical debate. Rooting for #HillaryClinton #IAmWithHer #NeverTrump. Image. 9:18 PM · Sep 26, 2016."
39,BDC_PR · @DebbieCaplanPR · #StopScreamingDonald #debatenight ; PAUL · @PaulMic1954hael · now crossing his legs ; Kemberly Richardson · @kemrichardson7 · Image.
40,The racist birther lie... Trump can't close the deal on that question. His answer doesn't jive. Think about that. #debatenight.
41,"What Hillary was really writing down tonight #debatenight. Image. 3:07 AM · Oct 20, 2016 from Pasadena, CA · 458. Retweets · 33. Quotes · 1,045. Likes."
42,"Word of the night...braggadocious #debatenight · 1:39 AM · Sep 27, 2016 · 165. Retweets · 7. Quotes · 692. Likes · Carly Waddell · @carlywaddell. ·."
43,"Trump and Clinton spar over ISIS on #debatenight http://nbcnews.to/2d4VzCh · 1:33 AM · Sep 27, 2016 · 14. Retweets."
44,"Follow our #DebateNight fact check and live transcript now: http://n.pr/2cR8Njb. Image. 1:37 AM · Sep 27, 2016 · 2,041. Retweets · 193. Quotes."
45,"#DebateNight stage will show a woman who's acted above the law & a man who's talked of sexually assaulting a woman. We, , deserve better."
46,"This dog is so #Bigly #debatenight #debate #debate2016. Image. 1:29 AM · Oct 20, 2016 · 420. Retweets · 26. Quotes · 1,090. Likes · dustin brooks."
47,"See new Tweets. Conversation. Larry Wilmore · @larrywilmore. Bad hombres! First dog whistle. #debatenight · 1:24 AM · Oct 20, 2016."
48,"#trumpsniff is everything #debatenight · 1:14 AM · Sep 27, 2016 · 7. Retweets · 1. Quote · 13. Likes · Kris Stewart · @KrisStewart79. ·. Sep 27, 2016."
49,"ALL YOUR BUSINESS DEALS FAIL U DELUSIONAL TURD #debatenight · 1:42 AM · Oct 20, 2016 · 312. Retweets · 23. Quotes · 1,228. Likes."
50,"See new Tweets. Conversation. Enes FREEDOM · @EnesFreedom. Sorry my man !! #DebateNight. Image. 2:46 AM · Sep 27, 2016."
51,"TEAM HILLARY BOYS #debatenight · 2:33 AM · Sep 27, 2016 · 56. Retweets · 2. Quotes · 507. Likes · LILRELOOP · @LILRELOOP. ·. Sep 27, 2016. ew. 30."
52,"980. 6,307. Shannon Beveridge · @nowthisisliving . @AndreaRussett. it's gonna be a long night #debatenight. Image. Andrea Russett · 1:42 AM · Oct 20, 2016."
53,"Oct 20, 2016. Replying to. @chescaleigh .It's so damn dumb, I always thought it was ""big league."" Can't make this stuff up. #debatenight · Sunshine ❄️."
54,"We doin #debate #debates #debatenight or wha. 1:02 AM · Oct 20, 2016 · 104. Retweets · 14. Quotes · 787. Likes · Shawn Garrett · @ShawnGarrett. ·."
55,"#debatenight make sure you watch, listen, and know who you're voting for. Tradueix el tuit. 12:32 a. m. · 27 de set. de 2016."
56,"No THIS is a great pivot #debatenight. Embedded video. GIF. 1:31 AM · Oct 20, 2016 · 136. Retweets · 9. Quote Tweets · 374. Likes · Alyssa · @tvwithapb. ·."
57,"HILARY: ""Cyberspace…"" TRUMP: ""I have property there."" #DebateNight. Image. 2:07 AM · Sep 27, 2016 · 242. Retweets."
58,#DebateNight: 11 US presidents did not attend college. Explore the historical numbers in this viz: http://tabsoft.co/election2016.
59,"@Rosie. "" made with chinese steel "" best line ever #debatenight · 2:07 AM · Oct 20, 2016 · 520. Retweets · 15. Quotes · 2,021. Likes · Cherie ¯\_(ツ)_/¯."
60,"What ""bad ombres"" actually look like #debatenight #badhombres. Image. 1:24 AM · Oct 20, 2016 · 480. Retweets."
61,"#debatenight Trump: ""Such a nasty woman."" America: Image. 2:34 AM · Oct 20, 2016 · 694. Retweets · 39. Quotes · 1,387. Likes · Whirldly · @Whirldly. ·."
62,"Ending #DebateNight with a Fact Check read on NPR. It's really well done! http://n.pr/2cR8Njb · 2:58 AM · Sep 27, 2016."
63,"Decided to update my profile. #nastywoman #debatenight. Image. 4:30 AM · Oct 20, 2016 · 64. Retweets · 12. Quotes · 396. Likes · Joseph Reid ♿️."
64,Trump seems so calm tonight. He must be on Cocaine PM #debates. 17. 100. 548. Smosh · @smosh. Bumping this tweet... too on the nose? #debatenight.
65,"The first presidential debate is in full swing. If you had to vote based on tonight's debate, which candidate would you choose? #debatenight."
66,"""Lots of luck, Hillary."" #DebateNight http://snappytv.com/tc/3051073/1698109… ... ...did I just hear Donald concede? ... she is killing it!!!!!! ... did he just ..."
67,"Hillary Clinton hits Donald Trump over tax plan #debatenight http://nbcnews.to/2d5bEGB · 1:24 AM · Sep 27, 2016 · 111. Retweets."
68,"Oct 19, 2016 — ""That brings to an end this year's debates."" #DebateNight. Embedded video. GIF. 2:37 AM · Oct 20, 2016 · 1,150. Retweets."
69,"#debatenight. Image. 8:37 PM · Sep 26, 2016 · 109. Retweets · 6. Quotes · 131. Likes · Tim Bluezz @Bluezzdrummer@det.social · @bluezzdrummer."
70,"Syed Mahmood · @syedmahmood · : #ImWithHer #debatenight ; Marion · @Marion92437760 · let's not...... ; BDC_PR · @DebbieCaplanPR · Good Luck, #ImWithHer."
71,"See new Tweets. Conversation. Dan Savage · @fakedansavage. Trump: ""Such a nasty woman."" WTF. #debatenight · 2:34 AM · Oct 20, 2016."
72,"When does Goldberg pop out and spear them #debatenight · 2:35 AM · Oct 20, 2016 from Santa Monica, CA · 166. Retweets · 4. Quotes · 1,095. Likes."
73,"See new Tweets. Conversation. Geeks of Color · @GeeksOfColor. Bad hombres??? Really #debatenight. Embedded video. GIF. 1:24 AM · Oct 20, 2016."
74,3rd and final #debatenight was last night. Who are you rootng for? Hillary Clinton or Donald Trump? @TheManMannie … http://vitw.it/link/56X25.
75,asks after #debatenight: Is Donald Trump on cocaine? http://thr.cm/nisEld. ترجمة التغريدة. الصورة. ٣:١١ ص · ٢٧ سبتمبر ٢٠١٦.
76,"Who the first debate!! #debatenight RT for Donald Trump LIKE for Hilary Clinton. Image. 2:40 AM · Sep 27, 2016 · 263. Retweets."
77,"#debatenight | US presidential debate: Top moments from Donald Trump, Hillary Clinton face off ..."
78,"If this #debatenight were a Mortal Kombat set, both of them would be trying to do a fatality on the other person and missing every input... ترجمة التغريدة."
79,"Sep 27, 2016. Candidates talking over each other on job creation. HC: let's not assume it's the only challenge the economy faces. #debatenight #ksatdebate."
80,"See new Tweets. Conversation. Hillary Clinton · @HillaryClinton. Terrifying. #DebateNight. Image. 1:39 AM · Oct 20, 2016."
81,The best burns and worst jokes from #debatenight: http://slate.me/2d55RCb. ترجمه توييت. تصویر. ۴:۴۹ قبل‌ازظهر · ۲۷ سپتامبر ۲۰۱۶.
82,"Internet: GIF THAT HILLARY SHOULDER SHIMMY NOW #debatenight · 2:23 AM · Sep 27, 2016 from Washington, DC · 359. Retweets · 29. Quotes · 1,049. Likes."
83,"Trump's getting agitated: sweating, sniffling, drinking water, fidgeting. #DebateNight #NarcHandbook. 4. 16. 52. Leah McElrath · @leahmcelrath. ·."
84,"He said he grabbed it, now he denies he did exactly what he said he did. 1. LOVE FOR EVERYONE · @TransgeeTrans. ·. Oct 20, 2016 · #debatenight."
85,in the UK our politicians always stand in appropriate places for the cameras. #debatenight. Imaxe. 4. 7. Noryh Brings · @NoriBringas. ·. 20/10/2016.
86,"Sep 27, 2016 — Donald Trump's #DebateNight sniffles spawned social media memes like #sniffles and #trumpsniff http://cnn.it/2d5qHSf."
87,Donald Trump's sniffles become the first #debatenight meme: http://share.ew.com/VEDZw7Y #trumpsniffle. Tradueix el tuit.
88,"They Need Judge Judy Moderating #Debatenight. Judge Judy GIF. GIF. read image description. ALT. 1:15 AM · Sep 30, 2020."
89,"On Donald Trump's #DebateNight performance,. @VanJones68. quotes. @llcoolj. : ""He lied about the lies that he lied about"" http://cnn.it/2eur0mQ."
90,"""vast swatches of land"" #debatenight. Image. 2:25 AM · Oct 20, 2016 · 13. Retweets · 21. Likes · amadí · @amadoit__. ·. Oct 20, 2016. yoooo hahahah. 1 ..."
91,"See new Tweets. Conversation. Anthony Oliveira · @meakoopa. bad ombre. #DebateNight. Image. 3:17 AM · Oct 20, 2016 · 19. Retweets."
92,"""BAD HOMBRES"" coming to Netflix this Christmas #debatenight · 1:23 AM · Oct 20, 2016 from Santa Monica, CA · 628. Retweets."
93,"Sep 30, 2020 — @Nick_Anderson_. Tonight's debate in a nutshell... #Debatenight #DebateTuesday #Debate2020 #debate #debates. Image. 2:59 AM · Sep 30, 2020."
94,"Oct 20, 2016 — Can you believe they actually mentioned it . Susan's_Sister · @eftoth. ·. Oct 20, 2016 · @pursuedbytruth. Oh the agony of #debatenight."
95,#debatenight Hillary first blows..Donald begins to hit back.. @foxandfriends. ترجمة التغريدة. ١:١٤ ص · ٢٧ سبتمبر ٢٠١٦.
96,"#debatenight source: Amanda Gailey. Image. 2:15 AM · Sep 27, 2016 · 259. Retweets ... @mccarthyredhead. : #debatenight source: Amanda Gailey. Image. 1. 1."
97,"Oct 20, 2016 — [LIVE] It's the last #debatenight of 2016. Watch now, and #voteIRL on Election Day: https://goo.gl/7q9mcZ. Itzuli txioa."
98,@highgate_pol. ·. ٢٠ أكتوبر ٢٠١٦. “ @FiveThirtyEight. : Interruptions so far. #debatenight http://53eig.ht/2eueofv ” It didn't work in the 1st debate.
,Tweet
0,Debate Night 5-10 - Thoughts on DeLa - New world rankings system - Ratings suck - Best mid-round snack - Foundation Opening https://youtu.be/yvqTMp5Ca68.
1,"#debatenight #Debate So... he paid as little taxes as possible. Who doesn't? Change the code. 1:32 AM · Sep 27, 2016."
2,"is winning tonight. #DebateNight #DebateHeadache. 1. HIM · @_Mrtoosmooth. ·. Oct 20, 2016. what app is that? Buffay Sommers · @XOLove_ST. ·. Oct 20, 2016."
3,"#debatenight. Image. 2:10 AM · Oct 20, 2016 · 1,867. Retweets · 75. Quotes · 1,367. Likes · Jason Schnur-2023 Cardinals “Rhode Island or Bust”."
4,"#debatenight · @HillaryClinton. during the final debate with. @realDonaldTrump. in Las Vegas Watch LIVE: http://ndtv.com/live. Image. 1:14 AM · Oct 20, 2016."
5,"See new Tweets. Conversation. Craig Ferguson · @CraigyFerg. When's Larry David on? #debatenight · 1:47 AM · Oct 20, 2016."
6,"good god i hope this is true #debatenight. Image. 1:12 AM · Oct 20, 2016 · 1,757. Retweets · 95. Quotes · 4,393. Likes."
7,"See new Tweets. Conversation. Craig Ferguson · @CraigyFerg. I want a puppet! #debatenight · 1:31 AM · Oct 20, 2016 · 177. Retweets."
8,"Jun 26, 2019 — Hey you crazy kids! Tonight is debate night and you know that means we have a new drinking game. Come be political with us!"
9,"Conversation. Elizabeth Banks ❄️ · @ElizabethBanks. Climate change? Anyone? Bueller? #debatenight · 2:34 AM · Oct 20, 2016."
10,"#debatenight. 2. 3. Sarah Jackman · @VviewSsonicMair. ·. Oct 20, 2016. to quote Annie...""They're bad people!"" Omg he is a piece of work."
11,"Taking a break from #Debatenight to enjoy some fresh air outside w/ Maple. Image. 1:44 AM · Sep 27, 2016 · 42. Retweets · 4. Quotes · 279. Likes. 1."
12,Square profile picture · NDTV · @ndtv . @HillaryClinton. vs. @realDonaldTrump. – US Presidential Debate #debatenight #debates Highlights: ...
13,"Conversation. Leah Wright Rigueur · @LeahRigueur. This CNN panel is... not good. #debatenight · 3:13 AM · Oct 20, 2016."
14,"President Clinton, if you're nasty #debatenight Nasty Woman. Image. 3:53 AM · Oct 20, 2016 · 183. Retweets."
15,"How to Trump during #Debatenight. Image. 1:39 AM · Oct 20, 2016 · 1,191. Retweets · 87. Quotes · 1,451. Likes · Zac Bowling · @zbowling. ·."
16,PRETTY airports are important. Duh! #sarcasm #debatenight https://twitter.com/parrotheadkati ...
17,"Pinpin, my adorable dog, and I so ready to hop on the jet. Adam Parkhomenko · @AdamParkhomenko. ·. Jul 31, 2019. His first debate night verified tho."
18,"The Foolest · @twodotohmafia · read that header tho hella ominous, predictive ; Reezy · @Reezymythoughts · “ @fakeshoredrive. : H.R.C. M.O.B. #debatenight ”lmao."
19,"Trump responds to sexual assault allegations #debatenight. Image. 2:17 AM · Oct 20, 2016 · 44. Retweets · 29. Quotes · 66. Likes · Seamus Thebear."
20,"Hillary Blinton #debatenight. Image. 3. meme vids In my media · @Nick_Tweetz. ·. Sep 27, 2016. Woop woop I'll allow it RT."
21,"See new Tweets. Conversation. Oxford Politics · @OUPPolitics. What are “entitlements”? #WENtK #debatenight. Image. 2:30 AM · Oct 20, 2016."
22,"What happens in Vegas...Wayne Newton is at #DebateNight. Image. 12:48 AM · Oct 20, 2016 · 8. Retweets · 5. Quotes · 32. Likes · Robert Grenader."
23,"Conversation. Tyrion Lannister · @GoT_Tyrion. There is only one clear choice... #debatenight. Image. 2:09 AM · Oct 20, 2016."
24,"Less emails or tax returns please! #debatenight · 1:37 AM · Sep 27, 2016 · 242. Retweets · 12. Quotes · 1,019. Likes · Montemole · @montemole. ·."
25,"I'll keep my comments to myself smh. #debatenight · 3:13 AM · Sep 27, 2016 · 32. Retweets · 4. Quotes · 260. Likes · Michael London · @Mlondon83. ·."
26,"See new Tweets. Conversation. AMIR K · @AMIRCOMEDY. The guy. @realDonaldTrump. thinks hacked the DNC. #debatenight. Image. 2:12 AM · Sep 27, 2016."
27,"Conversation. World of Outlaws · @WorldofOutlaws. Water truck or no water truck? #debatenight · 2:05 AM · Oct 20, 2016."
28,"If this #debatenight were a Mortal Kombat set, both of them would be trying to do a fatality on the other person and missing every input."
29,"Conversation. Chelsea Peretti · @chelseaperetti. MELANIA SAID HE APOLOGIZED!!! #debatenight · 1:54 AM · Oct 20, 2016."
30,"What #DEBATENIGHT feels like! #IDIOCRACY #Camachoisback. Image. 5:41 PM · Oct 19, 2016 · 48. Retweets · 11. Quotes · 150. Likes · Tim Stevenson."
31,"See new Tweets. Conversation. Alison Lundergan Grimes · @AlisonForKY. She won. #Stamina #debatenight · 2:38 AM · Sep 27, 2016."
32,"Clinton-Trump #debatenight fact check http://thr.cm/9aoKHL. Image. 5:10 PM · Sep 27, 2016 · 46. Retweets · 3. Quotes · 79. Likes · The Bandit · @BandiVan. ·."
33,"Thanks for tuning in! #TeamCameron #DebateNight · Embedded video. 0:20 · 1:57 AM · Mar 8, 2023. ·. 21.1K. Views."
34,"See new Tweets. Conversation. Square profile picture · People · @people. It is a word! #DebateNight. Image. 2:00 AM · Sep 27, 2016 from Manhattan, NY."
35,#HillaryClinton and #DonaldTrump stay divided on immigration laws #debate #debatenight Track live updates on ...
36,"""Stick to Sports"": A #debatenight tradition for sports journalists who dare discuss it. Image. 2:07 AM · Oct 20, 2016."
37,"WERE THEY KILLED BY GUNS ORANGE ANUS #debatenight · 1:21 AM · Oct 20, 2016 · 81. Retweets · 13. Quotes · 506. Likes · Verena King-Boxleitner · @verenaking."
38,"#debatenight staying awake to watch this historical debate. Rooting for #HillaryClinton #IAmWithHer #NeverTrump. Image. 9:18 PM · Sep 26, 2016."
39,BDC_PR · @DebbieCaplanPR · #StopScreamingDonald #debatenight ; PAUL · @PaulMic1954hael · now crossing his legs ; Kemberly Richardson · @kemrichardson7 · Image.
40,The racist birther lie... Trump can't close the deal on that question. His answer doesn't jive. Think about that. #debatenight.
41,"What Hillary was really writing down tonight #debatenight. Image. 3:07 AM · Oct 20, 2016 from Pasadena, CA · 458. Retweets · 33. Quotes · 1,045. Likes."
42,"Word of the night...braggadocious #debatenight · 1:39 AM · Sep 27, 2016 · 165. Retweets · 7. Quotes · 692. Likes · Carly Waddell · @carlywaddell. ·."
43,"Trump and Clinton spar over ISIS on #debatenight http://nbcnews.to/2d4VzCh · 1:33 AM · Sep 27, 2016 · 14. Retweets."
44,"Follow our #DebateNight fact check and live transcript now: http://n.pr/2cR8Njb. Image. 1:37 AM · Sep 27, 2016 · 2,041. Retweets · 193. Quotes."
45,"#DebateNight stage will show a woman who's acted above the law & a man who's talked of sexually assaulting a woman. We, , deserve better."
46,"This dog is so #Bigly #debatenight #debate #debate2016. Image. 1:29 AM · Oct 20, 2016 · 420. Retweets · 26. Quotes · 1,090. Likes · dustin brooks."
47,"See new Tweets. Conversation. Larry Wilmore · @larrywilmore. Bad hombres! First dog whistle. #debatenight · 1:24 AM · Oct 20, 2016."
48,"#trumpsniff is everything #debatenight · 1:14 AM · Sep 27, 2016 · 7. Retweets · 1. Quote · 13. Likes · Kris Stewart · @KrisStewart79. ·. Sep 27, 2016."
49,"ALL YOUR BUSINESS DEALS FAIL U DELUSIONAL TURD #debatenight · 1:42 AM · Oct 20, 2016 · 312. Retweets · 23. Quotes · 1,228. Likes."
50,"See new Tweets. Conversation. Enes FREEDOM · @EnesFreedom. Sorry my man !! #DebateNight. Image. 2:46 AM · Sep 27, 2016."
51,"TEAM HILLARY BOYS #debatenight · 2:33 AM · Sep 27, 2016 · 56. Retweets · 2. Quotes · 507. Likes · LILRELOOP · @LILRELOOP. ·. Sep 27, 2016. ew. 30."
52,"980. 6,307. Shannon Beveridge · @nowthisisliving . @AndreaRussett. it's gonna be a long night #debatenight. Image. Andrea Russett · 1:42 AM · Oct 20, 2016."
53,"Oct 20, 2016. Replying to. @chescaleigh .It's so damn dumb, I always thought it was ""big league."" Can't make this stuff up. #debatenight · Sunshine ❄️."
54,"We doin #debate #debates #debatenight or wha. 1:02 AM · Oct 20, 2016 · 104. Retweets · 14. Quotes · 787. Likes · Shawn Garrett · @ShawnGarrett. ·."
55,"#debatenight make sure you watch, listen, and know who you're voting for. Tradueix el tuit. 12:32 a. m. · 27 de set. de 2016."
56,"No THIS is a great pivot #debatenight. Embedded video. GIF. 1:31 AM · Oct 20, 2016 · 136. Retweets · 9. Quote Tweets · 374. Likes · Alyssa · @tvwithapb. ·."
57,"HILARY: ""Cyberspace…"" TRUMP: ""I have property there."" #DebateNight. Image. 2:07 AM · Sep 27, 2016 · 242. Retweets."
58,#DebateNight: 11 US presidents did not attend college. Explore the historical numbers in this viz: http://tabsoft.co/election2016.
59,"@Rosie. "" made with chinese steel "" best line ever #debatenight · 2:07 AM · Oct 20, 2016 · 520. Retweets · 15. Quotes · 2,021. Likes · Cherie ¯\_(ツ)_/¯."
60,"What ""bad ombres"" actually look like #debatenight #badhombres. Image. 1:24 AM · Oct 20, 2016 · 480. Retweets."
61,"#debatenight Trump: ""Such a nasty woman."" America: Image. 2:34 AM · Oct 20, 2016 · 694. Retweets · 39. Quotes · 1,387. Likes · Whirldly · @Whirldly. ·."
62,"Ending #DebateNight with a Fact Check read on NPR. It's really well done! http://n.pr/2cR8Njb · 2:58 AM · Sep 27, 2016."
63,"Decided to update my profile. #nastywoman #debatenight. Image. 4:30 AM · Oct 20, 2016 · 64. Retweets · 12. Quotes · 396. Likes · Joseph Reid ♿️."
64,Trump seems so calm tonight. He must be on Cocaine PM #debates. 17. 100. 548. Smosh · @smosh. Bumping this tweet... too on the nose? #debatenight.
65,"The first presidential debate is in full swing. If you had to vote based on tonight's debate, which candidate would you choose? #debatenight."
66,"""Lots of luck, Hillary."" #DebateNight http://snappytv.com/tc/3051073/1698109… ... ...did I just hear Donald concede? ... she is killing it!!!!!! ... did he just ..."
67,"Hillary Clinton hits Donald Trump over tax plan #debatenight http://nbcnews.to/2d5bEGB · 1:24 AM · Sep 27, 2016 · 111. Retweets."
68,"Oct 19, 2016 — ""That brings to an end this year's debates."" #DebateNight. Embedded video. GIF. 2:37 AM · Oct 20, 2016 · 1,150. Retweets."
69,"#debatenight. Image. 8:37 PM · Sep 26, 2016 · 109. Retweets · 6. Quotes · 131. Likes · Tim Bluezz @Bluezzdrummer@det.social · @bluezzdrummer."
70,"Syed Mahmood · @syedmahmood · : #ImWithHer #debatenight ; Marion · @Marion92437760 · let's not...... ; BDC_PR · @DebbieCaplanPR · Good Luck, #ImWithHer."
71,"See new Tweets. Conversation. Dan Savage · @fakedansavage. Trump: ""Such a nasty woman."" WTF. #debatenight · 2:34 AM · Oct 20, 2016."
72,"When does Goldberg pop out and spear them #debatenight · 2:35 AM · Oct 20, 2016 from Santa Monica, CA · 166. Retweets · 4. Quotes · 1,095. Likes."
73,"See new Tweets. Conversation. Geeks of Color · @GeeksOfColor. Bad hombres??? Really #debatenight. Embedded video. GIF. 1:24 AM · Oct 20, 2016."
74,3rd and final #debatenight was last night. Who are you rootng for? Hillary Clinton or Donald Trump? @TheManMannie … http://vitw.it/link/56X25.
75,asks after #debatenight: Is Donald Trump on cocaine? http://thr.cm/nisEld. ترجمة التغريدة. الصورة. ٣:١١ ص · ٢٧ سبتمبر ٢٠١٦.
76,"Who the first debate!! #debatenight RT for Donald Trump LIKE for Hilary Clinton. Image. 2:40 AM · Sep 27, 2016 · 263. Retweets."
77,"#debatenight | US presidential debate: Top moments from Donald Trump, Hillary Clinton face off ..."
78,"If this #debatenight were a Mortal Kombat set, both of them would be trying to do a fatality on the other person and missing every input... ترجمة التغريدة."
79,"Sep 27, 2016. Candidates talking over each other on job creation. HC: let's not assume it's the only challenge the economy faces. #debatenight #ksatdebate."
80,"See new Tweets. Conversation. Hillary Clinton · @HillaryClinton. Terrifying. #DebateNight. Image. 1:39 AM · Oct 20, 2016."
81,The best burns and worst jokes from #debatenight: http://slate.me/2d55RCb. ترجمه توييت. تصویر. ۴:۴۹ قبل‌ازظهر · ۲۷ سپتامبر ۲۰۱۶.
82,"Internet: GIF THAT HILLARY SHOULDER SHIMMY NOW #debatenight · 2:23 AM · Sep 27, 2016 from Washington, DC · 359. Retweets · 29. Quotes · 1,049. Likes."
83,"Trump's getting agitated: sweating, sniffling, drinking water, fidgeting. #DebateNight #NarcHandbook. 4. 16. 52. Leah McElrath · @leahmcelrath. ·."
84,"He said he grabbed it, now he denies he did exactly what he said he did. 1. LOVE FOR EVERYONE · @TransgeeTrans. ·. Oct 20, 2016 · #debatenight."
85,in the UK our politicians always stand in appropriate places for the cameras. #debatenight. Imaxe. 4. 7. Noryh Brings · @NoriBringas. ·. 20/10/2016.
86,"Sep 27, 2016 — Donald Trump's #DebateNight sniffles spawned social media memes like #sniffles and #trumpsniff http://cnn.it/2d5qHSf."
87,Donald Trump's sniffles become the first #debatenight meme: http://share.ew.com/VEDZw7Y #trumpsniffle. Tradueix el tuit.
88,"They Need Judge Judy Moderating #Debatenight. Judge Judy GIF. GIF. read image description. ALT. 1:15 AM · Sep 30, 2020."
89,"On Donald Trump's #DebateNight performance,. @VanJones68. quotes. @llcoolj. : ""He lied about the lies that he lied about"" http://cnn.it/2eur0mQ."
90,"""vast swatches of land"" #debatenight. Image. 2:25 AM · Oct 20, 2016 · 13. Retweets · 21. Likes · amadí · @amadoit__. ·. Oct 20, 2016. yoooo hahahah. 1 ..."
91,"See new Tweets. Conversation. Anthony Oliveira · @meakoopa. bad ombre. #DebateNight. Image. 3:17 AM · Oct 20, 2016 · 19. Retweets."
92,"""BAD HOMBRES"" coming to Netflix this Christmas #debatenight · 1:23 AM · Oct 20, 2016 from Santa Monica, CA · 628. Retweets."
93,"Sep 30, 2020 — @Nick_Anderson_. Tonight's debate in a nutshell... #Debatenight #DebateTuesday #Debate2020 #debate #debates. Image. 2:59 AM · Sep 30, 2020."
94,"Oct 20, 2016 — Can you believe they actually mentioned it . Susan's_Sister · @eftoth. ·. Oct 20, 2016 · @pursuedbytruth. Oh the agony of #debatenight."
95,#debatenight Hillary first blows..Donald begins to hit back.. @foxandfriends. ترجمة التغريدة. ١:١٤ ص · ٢٧ سبتمبر ٢٠١٦.
96,"#debatenight source: Amanda Gailey. Image. 2:15 AM · Sep 27, 2016 · 259. Retweets ... @mccarthyredhead. : #debatenight source: Amanda Gailey. Image. 1. 1."
97,"Oct 20, 2016 — [LIVE] It's the last #debatenight of 2016. Watch now, and #voteIRL on Election Day: https://goo.gl/7q9mcZ. Itzuli txioa."
98,@highgate_pol. ·. ٢٠ أكتوبر ٢٠١٦. “ @FiveThirtyEight. : Interruptions so far. #debatenight http://53eig.ht/2eueofv ” It didn't work in the 1st debate.
,Tweet
0,"Nov 3, 2020 — Abki baar phir se Trump Sarkar #Trump #TrumpPence2020 · Embedded video. 0:03. 956 views · 3:21 PM · Nov 3, 2020."
1,"Aug 28, 2020 — Mike Pence mentioned that a cop was killed during protests in Oakland. He didn't mention he was killed by a far-right militiaman who ..."
2,"I voted and am proud of this #TrumpPence2020. Image. 2:15 PM · Nov 2, 2020 · 2. Likes · pete vidal · @robertc39492529. ·. Nov 2, 2020. Replying to."
3,"Sep 7, 2020 — See new Tweets. Conversation. Dan Scavino Jr. · @DanScavino. THANK YOU, PATRIOTS!!! #TrumpPence2020 #MAGA      . Embedded video."
4,"Sep 27, 2020 — #FillThatSeat #ConfirmACB #TrumpPence2020 #MAGA       http://Vote.DonaldJTrump.com · Embedded video. 1:29. 126K views · 12:04 AM · Sep 27, ..."
5,"Cartoon for January 6, 2021 #Trump #Pence #TrumpPence2020 #Elections2020. Image. 2:17 PM · Jan 6, 2021 · 681. Retweets · 61. Quotes · 2,458. Likes. 15."
6,"Oct 18, 2020 — departing Newport Beach, California for a rally in Carson City, Nevada. THANK YOU CALIFORNIA!!!! #TrumpPence2020 #MAGA       http://Vote."
7,"Aug 23, 2020 — Conversation. Nikki Haley · @NikkiHaley. Hope you will tune in! ❤️     #RNCConvention2020 #TrumpPence2020. Image. 1:14 AM · Aug 24, 2020."
8,"InCons are a force this year. Involuntary conservatives are real. As I've told you: the failure to condemn @MayorJenny & @tedwheeler, acknowledge ANTIFA, admit ..."
9,"Aug 13, 2020 — #TrumpPence2020 let's get this country back on track. 6. 5. Daniel · @kacang_tua. ·. Aug 13, 2020. Are you bringing Mother on the debate ..."
10,"Oct 12, 2020 — 10/12/2020 | Sanford, Florida! #TrumpPence2020 #MAGA       http://Vote.DonaldJTrump.com. Image. 11:20 PM · Oct 12, 2020."
11,"Mar 4, 2020 — #KAG #TrumpPence2020 · Ivanka Trump, the president's daughter and senior adviser, was once a liberal New York. nytimes.com."
12,"Oct 31, 2020 — #TrumpPence2020. Image. Team Trump (Text TRUMP to 88022) and 6 others · 7:55 PM · Oct 31, 2020."
13,"Karen is not tempted to backstab the Family because she has no reputation to save! A ""fat pig"" can still be a LOYAL #TrumpStumper! #TrumpPence2020 #MAGA."
14,"@RealDonaldTrump. on some of the most critical issues facing Americans today. Please tune in tonight! #TrumpPence2020 · 10:35 PM · Aug 27, 2020."
15,"Sep 13, 2020 — @realDonaldTrump. speaking to Great American Patriots in Minden, Nevada at a MAKE AMERICA GREAT AGAIN RALLY! #TrumpPence2020 #MAGA      ."
16,"Oct 19, 2020 — WE ARE GOING TO WIN THE 2020 ELECTION   #LatinosForTrump #TrumpNowMoreThanEver2020 #TrumpPence2020 #MAGA2020 #FourMoreYears # ..."
17,"Nov 9, 2020 — #cartoon #politicalcartoon #BidenHarris2020 #TrumpPence2020 #USElection #USElectionResults2020 #elections #trump #politics."
18,Thank you to everyone who voted for #JoeBidenKamalaHarris2020 over #TrumpPence2020 in the #USPresidentialElection2020.
19,"Dan Scavino Jr. · @DanScavino. AWESOME!!! #TDSWarning   Lake Charles, Louisiana! #TrumpPence2020 #MAGA      . Image. 9:58 PM · Sep 12, 2020."
20,"Nov 4, 2020 — http://clippingamazon.com Mail ID: info@clippingamazon.com #photoediting #trump #TrumpPence2020 #trump2020 #Biden2020 #Biden2020ToAmerica ..."
21,"#TrumpPence2020 #MAGA       http://Vote.DonaldJTrump.com. Embedded video. GIF. 8:27 PM · Oct 12, 2020 · 1,286. Retweets · 106. Quotes."
22,"Sep 18, 2020 — @DanScavino. 9/17/2020 | Mosinee, Wisconsin! #TrumpPence2020 #MAGA       http://vote.donaldjtrump.com. Image. 2:03 AM · Sep 18, 2020."
23,"Sep 8, 2020 — #feeltheVern #TrumpPence2020 #TrumpTrain2020 Listen Below! ... Team Trump launched a new radio ad featuring testimonials from Heisman Trophy ..."
24,"Dec 29, 2019 — @DanScavino. ·. Dec 27, 2019. Great video from FLORIDA! #TrumpPence2020 #KAG. Embedded video. 0:14. 3.1M views. 12:00 AM · Dec 29, 2019."
25,"Jun 19, 2019. I love this man more and more each day. And I didn't even vote for him in 2016. You better believe I will in 2020. #TrumpPence2020."
26,"Team Trump on Tour! @TeamTrumpOnTour. ·. Oct 23, 2020. #TrumpPence2020. Image. 16. 46. 262. Team Trump on Tour! Retweeted."
27,"Jul 19, 2020 — ... Park https://youtu.be/tIn4BBVl2YA via. @YouTube · #KeepAmericaGreat #Vote #2020Election #TrumpPence2020. 9:48 PM · Jul 19, 2020."
28,"... more strongly positioned than ever to win re-election. Nice try Democrats, but you are no match for our President Donald J. Trump. #TrumpPence2020 #KAG."
29,"Jun 19, 2019 — Conversation. Marco Rubio · @marcorubio. It's on! #TrumpPence2020 · Embedded video. 0:51. 1:04 AM · Jun 19, 2019."
30,"Sep 14, 2020 — Moments ago, POTUS in response to Sleepy Joe's FAKE military commercials: “THE GLOVES ARE OFF!” #TrumpPence2020 #MAGA      ."
31,"Still, #BidenHarris2020 resoundingly defeated #TrumpPence2020. The results not close. US election results 2020: Joe Biden's defeat of Donald Trump."
32,"Aug 16, 2020 — we are going to WIN the 2020 Election “FOUR MORE YEARS” #LatinosForTrump #TrumpNowMoreThanEver #4MoreYears #TrumpPence2020 #MAGA2020."
33,"I'll be watching the election from my host country of Bahrain, but my heart is home in America! #TrumpPence2020 #VOTE #ProudAmerican."
34,"Oct 11, 2020 — WE ARE GOING TO WIN THE 2020 ELECTION   #LatinosForTrump #TrumpNowMoreThanEver2020 #TrumpPence2020 · @TeamTrump · @TX_WalkerRanger."
35,stop bullying our United States representative's let them do thier Damn Jobs and focus on the movie industry likable again #TrumpPence2020 have a great day ...
36,... #TrumpPence2020 #TrumpPence2020 #TrumpPence2020 #TrumpPence2020 #TrumpPence2020 #TrumpPence2020 #TrumpPence2020 #TrumpPence2020 Retweet aggressively.
37,"Oct 14, 2020 — #MAGA       #VOTE #TrumpPence2020 http://Vote.DonaldJTrump.com · Embedded video. 2:19. 503.4K views · 3:46 AM · Oct 14, 2020."
38,WE ARE GOING TO WIN THE 2020 ELECTION #LatinosForTrump #TrumpNowMoreThanEver2020 #TrumpPence2020 · @TeamTrump · @TX_WalkerRanger.
39,"Mr. Kinuthia Pius. @Belive_Kinuthia. November 3rd. Keep America Great Again. #TrumpLandslide2020 #TrumpPence2020. Image. 12:41 PM · Nov 1, 2020."
40,"Sep 12, 2020 — hoy en Houston. Con la ayuda de Dios y el liderazgo de Presidente Trump, lo mejor está por venir. #TrumpPence2020. Translate Tweet."
41,... to every day on social media since September 25th #PresidentialElection2020 #Elections2020 #Politicalads #Biden #Trump #bidenharris #TrumpPence2020.
42,"#Im4Phil #TeamTate #TrumpPence2020 #KAG. Quote Tweet. RSBN · @RSBNetwork. ·. Nov 1, 2019. #WATCH: Mississippi Governor Phil Bryant @PhilBryantMS ..."
43,WE ARE GOING TO WIN THE 2020 ELECTION #RNC2020 #LatinosForTrump #TrumpNowMoreThanEver2020 #TrumpPence2020 #MAGA2020.
44,"Dec 19, 2019. 7 another,another one!!!!! The. @HouseDemocrats. have no idea of the shitstorm they have called down!!!!! #KAG #TrumpPence2020."
45,"Cartoon for January 6, 2021 #Trump #Pence #TrumpPence2020 #Elections2020. 圖片. 下午2:17 · 2021年1月6日 · 681. 則轉推 · 61. 引用 · 2,458. 個喜歡. 15. 個書籤."
46,"Jul 17, 2020 — Thank you for your support to Venezuela     and God bless the United States     #TrumpNowMoreThanEver #4MoreYears #TrumpPence2020 #MAGA2020 ..."
47,"Oct 31, 2020. MMmmm.... Donuts.... Sooth, though: stirring stuff! Curtis Bailey · @Curtis_Bailey. ·. Oct 31, 2020 · #TrumpPence2020 · Jeff Edwards."
48,#MAGA2020 #Macedonians for #Trump #Trump2020 #TrumpPence2020. الصورة. ١٠:٢٣ م · ٣ نوفمبر ٢٠٢٠ من Поранешна Југословенска Република Македонија.
49,"Sep 12, 2020 — WE ARE GOING TO WIN THE 2020 ELECTION   #LatinosForTrump #TrumpNowMoreThanEver2020 #TrumpPence2020 #MAGA2020."
50,"Sep 5, 2020 — WE ARE GOING TO WIN THE 2020 ELECTION   #RNC2020 #LatinosForTrump #TrumpNowMoreThanEver2020 #TrumpPence2020 #MAGA2020."
51,and God bless the United States #TrumpNowMoreThanEver #4MoreYears #TrumpPence2020 #MAGA2020 #VenezuelansWithTrump. @TX_WalkerRanger.
52,#TrumpNowMoreThanEver #4MoreYears #TrumpPence2020 #MAGA2020 #VenezolanosConTrump. 5. 13. ⚯͛ วมขอเซย์โน• 🏳️‍  . @wilxiiix.
53,"#trump2020 #TrumpPence2020 #trumpsaveamerica #truth #realDonaldTrump. 1. Paul E Needham · @PaulyNeedham. ·. Sep 13, 2020. Many only see the negative!"
54,She'll be LOYAL throughout the FINAL MONTH OCTOBER 2020! We will forever remember Ivanka as a #TrumpStumper! #TrumpPence2020 #TedCruz.
55,"Nov 2, 2020 — Conversation. Randy Quaid · @RandyRRQuaid. CRUSHING IT!!! #TrumpPence2020 · Embedded video. 0:10. 303.6K views. 2:39 PM · Nov 2, 2020."
56,"Jul 28, 2020 — Thank you for your support to Venezuela    and God bless the United States     #TrumpNowMoreThanEver #4MoreYears #TrumpPence2020 #MAGA2020 ..."
57,"Sep 2, 2020 — #MAGA2020 #MAGA2020LandslideVictory #MAGA2020Landslide #KAG2020 #TrumpPence2020 #TrumpPence2020LandslideVictory #TrumpPenceOutNow ..."
58,"Aug 20, 2020 — ... God Bless YOU, God Bless PENNSYLVANIA, and God Bless AMERICA!” @realDonaldTrump. OLD FORGE, PENNSYLVANIA! #TrumpPence2020 #MAGA      ."
59,"Sep 25, 2020 — ... her reputation but she only knows how to keep #stumping through the entire FINAL MONTH of OCT 2020! #TrumpPence2020 #TedCruz #Dobbs."
60,... we are so glad that you're all better President #DonaldJTrump v. Chinese VIRUS #LatinosForTrump #TrumpPence2020 #TrumpNowMoreThanEver2020.
61,... the most persistent #Fly ever seen #Trump2020 #pencesfly #2020Election #BidenHarrisToSaveAmerica #TrumpPence2020 #TrumpPence2020Victory #LongLiveTrump.
62,"#TrumpPence2020. 1. 1. 1. When Is Trump Gone? @DaysLeft4Trump. ·. 24 sept. 2020. Automatizado. 3 Months, 27 Days, 14 Minutes, and 29 Seconds."
63,"Oct 23, 2020 — ➡️ A United States on the march toward socialism. Under #TrumpPence2020 we get: ➡️ Lower taxes, less regulation, fairer trade deals, and a ..."
64,"Oct 17, 2020 — I'm voting for President Trump #TrumpPence2020. 15. 2. 63. Show replies. The Resistor Sister ®️ ♥️ · @the_resistor. ·. Oct 17, 2020."
65,"Aug 26, 2020 — US is alone despite its intimidation. Period. 1. 1. Show replies. Joyce Bruns · @JoyceBruns. ·. Aug 27, 2020. Vote #TrumpPence2020 !"
66,"Jun 19, 2019 — Conversation. Marco Rubio · @marcorubio. And so it begins... #TrumpPence2020 · Embedded video. 0:32. 231K views. 1:40 AM · Jun 19, 2019."
67,"Aug 27, 2020 — #TrumpPence2020 · Laurence (Larry) Boorstein · @LarryBoorstein. ·. Aug 27, 2020. ""Never in recent times has a president used the majesty of ..."
68,"@SaveVenice1. ·. Nov 3, 2020. Haha. 2. Connie ⚜️ · @iwuvme. ·. Nov 3, 2020 · #TrumpPence2020. Show more replies."
69,"Apr 23, 2020 — Mike Pence. @Mike_Pence. pscp.tv. mike_pence was LIVE. 154. 328. 1,676. ChazBoul · @CvBoul1 · #TrumpPence2020. Image. 9:57 PM · Apr 23, 2020."
70,"May 23, 2020 — @Unhinged4AReasn. ·. ۲۳ مهٔ ۲۰۲۰. درحال پاسخ به. @FOX13News. Yes, Florida! Go #pinellas! #MAGA2020 #TrumpPence2020 #TrumpLandslide2020."
71,"#TrumpPence2020 #johnjames. Quote Tweet. John James · @JohnJamesMI. ·. Aug 20, 2019. We had an incredible moment to share Detroit's progress and opportunity ..."
72,"Feb 4, 2020 — ... of this race and cement his legacy as a transformational leader ushering in a new era of American greatness. #SOTU2020 #TrumpPence2020."
73,This is a lie this President loves everyone in the Military shame on this disgusting accusations of straight out lies. #TrumpPence2020 Trump denies report ...
74,"Jun 19, 2019 — Yes! #TrumpPence2020 #KeepAmericaGreat · @gtl247 · @eytan1212. ·. Jun 19, 2019. Great speech very powerful and uplifting #MAGA2020 ..."
75,"“laws of the game” vs “spirit of the game”, there's a difference. Let the courts lift the curtains #election2020 #TrumpPence2020 #BidenHarris2020."
76,"Dec 22, 2020 — tony lopez trisha paytas tiktok #kpop #covid19 #trump2020 #trumppence2020 views nsfw 18+ kpop bts blackpink loona anime haikyuu trump donald ..."
77,"departing Newport Beach, California for a rally in Carson City, Nevada. THANK YOU CALIFORNIA!!!! #TrumpPence2020 #MAGA       http://Vote.DonaldJTrump.com."
78,"Jul 12, 2020 — #TrumpNowMoreThanEver #4MoreYears #TrumpPence2020 #MAGA2020 #VenezolanosConTrump. Image. 2:01 AM · Jul 12, 2020."
79,"Never quit. #Trump2020 #TrumpPence2020 fuck these Democrats. Image. 3:57 AM · Jan 6, 2021 · 12. Retweets."
80,SERÁ REELECTO #TrumpNowMoreThanEver2020 #MAGA2020 #TrumpPence2020 #VenezolanosConTrump. 10. 226. 232. LAG ✞. @DerekLagway.
81,"Nov 13, 2020 — @TimPaine1794. ·. Nov 13, 2020. Has. @realDonaldTrump. promoted this cure? Were they #TrumpPence2020 contributors?"
82,Cartoon for #VeteransDay2020 #RemembranceDay2020 #VeteransDay #RemembranceDay #TrumpConcede #TrumpPence2020. Image. 1. Starvy Marvy · @StarvyMarvy.
83,"#TrumpPence2020 Ps46:1 God is our refuge and strength, an ever-present help in trouble. New Jersey, USA facebook.com/carolynn.caros… Joined June 2020."
84,@realDonaldTrump @JoeBiden @Mike_Pence @KamalaHarris #BidenHarris2020 #TrumpPence2020 #Poll #Polls #OnlyPolls #Follow #Retweet. Show this poll.
85,"#TrumpPence2020. 2. Asteraceae V · @Calendula2016. ·. Jun 5, 2020. HydroxyChloroquine can be prescribed as prevention when 1st symptoms appear of some flu ..."
86,"Jun 19, 2019 — 2020 kickoff rally. Black conservatives are ready to work to Keep America Great! #LeadRight #TrumpPence2020 #WatchParty #KeepAmericaGreat."
87,@thetaylorsmusic. we're honored to sing the National Anthem at the. @realDonaldTrump · @VP · #trumppence2020 rally! #KeepAmericaGreat.
88,"Jun 4, 2023 — Click to Follow abogadosvenezu1 · President #DonaldJTrump v. Chinese VIRUS #LatinosForTrump #TrumpPence2020 #TrumpNowMoreThanEver2020."
89,#TrumpPence2020 #WidowsTax #christian MySpouseServed E7Army/NationalGuard-MP-StateTrooper-FireFighter 3rdgen LEO-CNALTF #PersainGulfWar #Kag18.
90,"#TrumpPence2020 #MAGA · I Sputter Online · @SputterOnline. ·. Oct 7, 2020. Why is it that you think this will happen without repercussions?"
91,"Dec 4, 2020 — #KingdomWithPahlavi #TrumpPence2020 تنها راه حل فقط و فقط نابودی و سرنگونی نظام تروریستی و فاسد و جنایتکار جمهوری اسلامی است پاینده ایران ..."
92,"Choose wisely, smoke suffocates & mirrors break. Listen up #TrumpPence2020 isn't #Christianity #pray""-Bishop Abad. Profits Development · @ProfitsDevelop."
93,#TrumpNowMoreThanEver #4MoreYears #TrumpPence2020 #MAGA2020 #VenezolanosConTrump. 1. 13. 31. 사랑둥이 귀염둥이 세훈이. @milkteus.
94,"Oct 27, 2020 — @TITORODRIGUEZZ. EE.UU | La reelección de #TrumpPence2020, es un hecho Arriba. @realDonaldTrump. Abajo Joe Biden."
95,... a former US president but the half-siblings very well could see prison time if they don't consider all their options! #TrumpPence2020 #Ivanka #TedCruz.
96,"Sep 19, 2020 — WE ARE GOING TO WIN THE 2020 ELECTION   #LatinosForTrump #TrumpNowMoreThanEver2020 #TrumpPence2020 #MAGA2020."
97,#voterfraud #DemocratsAreCorrupt #TrumpPence2020 #BidenHarris2020 #TrumpvsBiden #arizona #pennsylvania #Michigan https://t.co/9jxVkFTgql.
98,"Oct 13, 2020 — #TrumpPence2020 #Ivanka #MAGA #TRUMPSTUMP · Florida Blade · @SufcBlade1889. ·. Oct 13, 2020. Maskless high fives all round!"
99,"Sep 1, 2020 — Very True. #TrumpPence2020 · Paul Dunfee · @lvhothead2483. ·. Sep 1, 2020. Trump. Keeping us safe. Image. 1. 2. 1. ✨ Queen Sug'ga ✨."
100,"Nov 3, 2020 — Abki baar phir se Trump Sarkar #Trump #TrumpPence2020 · Embedded video. 0:03. 956 views · 3:21 PM · Nov 3, 2020."
101,"Aug 28, 2020 — Mike Pence mentioned that a cop was killed during protests in Oakland. He didn't mention he was killed by a far-right militiaman who ..."
102,"I voted and am proud of this #TrumpPence2020. Image. 2:15 PM · Nov 2, 2020 · 2. Likes · pete vidal · @robertc39492529. ·. Nov 2, 2020. Replying to."
103,"Sep 7, 2020 — See new Tweets. Conversation. Dan Scavino Jr. · @DanScavino. THANK YOU, PATRIOTS!!! #TrumpPence2020 #MAGA      . Embedded video."
104,"Sep 27, 2020 — #FillThatSeat #ConfirmACB #TrumpPence2020 #MAGA       http://Vote.DonaldJTrump.com · Embedded video. 1:29. 126K views · 12:04 AM · Sep 27, ..."
105,"Cartoon for January 6, 2021 #Trump #Pence #TrumpPence2020 #Elections2020. Image. 2:17 PM · Jan 6, 2021 · 681. Retweets · 61. Quotes · 2,458. Likes. 15."
106,"Oct 18, 2020 — departing Newport Beach, California for a rally in Carson City, Nevada. THANK YOU CALIFORNIA!!!! #TrumpPence2020 #MAGA       http://Vote."
107,"Aug 23, 2020 — Conversation. Nikki Haley · @NikkiHaley. Hope you will tune in! ❤️     #RNCConvention2020 #TrumpPence2020. Image. 1:14 AM · Aug 24, 2020."
108,"InCons are a force this year. Involuntary conservatives are real. As I've told you: the failure to condemn @MayorJenny & @tedwheeler, acknowledge ANTIFA, admit ..."
109,"Aug 13, 2020 — #TrumpPence2020 let's get this country back on track. 6. 5. Daniel · @kacang_tua. ·. Aug 13, 2020. Are you bringing Mother on the debate ..."
110,"Oct 12, 2020 — 10/12/2020 | Sanford, Florida! #TrumpPence2020 #MAGA       http://Vote.DonaldJTrump.com. Image. 11:20 PM · Oct 12, 2020."
111,"Mar 4, 2020 — #KAG #TrumpPence2020 · Ivanka Trump, the president's daughter and senior adviser, was once a liberal New York. nytimes.com."
112,"Oct 31, 2020 — #TrumpPence2020. Image. Team Trump (Text TRUMP to 88022) and 6 others · 7:55 PM · Oct 31, 2020."
113,"Karen is not tempted to backstab the Family because she has no reputation to save! A ""fat pig"" can still be a LOYAL #TrumpStumper! #TrumpPence2020 #MAGA."
114,"@RealDonaldTrump. on some of the most critical issues facing Americans today. Please tune in tonight! #TrumpPence2020 · 10:35 PM · Aug 27, 2020."
115,"Sep 13, 2020 — @realDonaldTrump. speaking to Great American Patriots in Minden, Nevada at a MAKE AMERICA GREAT AGAIN RALLY! #TrumpPence2020 #MAGA      ."
116,"Oct 19, 2020 — WE ARE GOING TO WIN THE 2020 ELECTION   #LatinosForTrump #TrumpNowMoreThanEver2020 #TrumpPence2020 #MAGA2020 #FourMoreYears # ..."
117,"Nov 9, 2020 — #cartoon #politicalcartoon #BidenHarris2020 #TrumpPence2020 #USElection #USElectionResults2020 #elections #trump #politics."
118,Thank you to everyone who voted for #JoeBidenKamalaHarris2020 over #TrumpPence2020 in the #USPresidentialElection2020.
119,"Dan Scavino Jr. · @DanScavino. AWESOME!!! #TDSWarning   Lake Charles, Louisiana! #TrumpPence2020 #MAGA      . Image. 9:58 PM · Sep 12, 2020."
120,"Nov 4, 2020 — http://clippingamazon.com Mail ID: info@clippingamazon.com #photoediting #trump #TrumpPence2020 #trump2020 #Biden2020 #Biden2020ToAmerica ..."
121,"#TrumpPence2020 #MAGA       http://Vote.DonaldJTrump.com. Embedded video. GIF. 8:27 PM · Oct 12, 2020 · 1,286. Retweets · 106. Quotes."
122,"Sep 18, 2020 — @DanScavino. 9/17/2020 | Mosinee, Wisconsin! #TrumpPence2020 #MAGA       http://vote.donaldjtrump.com. Image. 2:03 AM · Sep 18, 2020."
123,"Sep 8, 2020 — #feeltheVern #TrumpPence2020 #TrumpTrain2020 Listen Below! ... Team Trump launched a new radio ad featuring testimonials from Heisman Trophy ..."
124,"Dec 29, 2019 — @DanScavino. ·. Dec 27, 2019. Great video from FLORIDA! #TrumpPence2020 #KAG. Embedded video. 0:14. 3.1M views. 12:00 AM · Dec 29, 2019."
125,"Jun 19, 2019. I love this man more and more each day. And I didn't even vote for him in 2016. You better believe I will in 2020. #TrumpPence2020."
126,"Team Trump on Tour! @TeamTrumpOnTour. ·. Oct 23, 2020. #TrumpPence2020. Image. 16. 46. 262. Team Trump on Tour! Retweeted."
127,"Jul 19, 2020 — ... Park https://youtu.be/tIn4BBVl2YA via. @YouTube · #KeepAmericaGreat #Vote #2020Election #TrumpPence2020. 9:48 PM · Jul 19, 2020."
128,"... more strongly positioned than ever to win re-election. Nice try Democrats, but you are no match for our President Donald J. Trump. #TrumpPence2020 #KAG."
129,"Jun 19, 2019 — Conversation. Marco Rubio · @marcorubio. It's on! #TrumpPence2020 · Embedded video. 0:51. 1:04 AM · Jun 19, 2019."
130,"Sep 14, 2020 — Moments ago, POTUS in response to Sleepy Joe's FAKE military commercials: “THE GLOVES ARE OFF!” #TrumpPence2020 #MAGA      ."
131,"Still, #BidenHarris2020 resoundingly defeated #TrumpPence2020. The results not close. US election results 2020: Joe Biden's defeat of Donald Trump."
132,"Aug 16, 2020 — we are going to WIN the 2020 Election “FOUR MORE YEARS” #LatinosForTrump #TrumpNowMoreThanEver #4MoreYears #TrumpPence2020 #MAGA2020."
133,"I'll be watching the election from my host country of Bahrain, but my heart is home in America! #TrumpPence2020 #VOTE #ProudAmerican."
134,"Oct 11, 2020 — WE ARE GOING TO WIN THE 2020 ELECTION   #LatinosForTrump #TrumpNowMoreThanEver2020 #TrumpPence2020 · @TeamTrump · @TX_WalkerRanger."
135,stop bullying our United States representative's let them do thier Damn Jobs and focus on the movie industry likable again #TrumpPence2020 have a great day ...
136,... #TrumpPence2020 #TrumpPence2020 #TrumpPence2020 #TrumpPence2020 #TrumpPence2020 #TrumpPence2020 #TrumpPence2020 #TrumpPence2020 Retweet aggressively.
137,"Oct 14, 2020 — #MAGA       #VOTE #TrumpPence2020 http://Vote.DonaldJTrump.com · Embedded video. 2:19. 503.4K views · 3:46 AM · Oct 14, 2020."
138,WE ARE GOING TO WIN THE 2020 ELECTION #LatinosForTrump #TrumpNowMoreThanEver2020 #TrumpPence2020 · @TeamTrump · @TX_WalkerRanger.
139,"Mr. Kinuthia Pius. @Belive_Kinuthia. November 3rd. Keep America Great Again. #TrumpLandslide2020 #TrumpPence2020. Image. 12:41 PM · Nov 1, 2020."
140,"Sep 12, 2020 — hoy en Houston. Con la ayuda de Dios y el liderazgo de Presidente Trump, lo mejor está por venir. #TrumpPence2020. Translate Tweet."
141,... to every day on social media since September 25th #PresidentialElection2020 #Elections2020 #Politicalads #Biden #Trump #bidenharris #TrumpPence2020.
142,"#Im4Phil #TeamTate #TrumpPence2020 #KAG. Quote Tweet. RSBN · @RSBNetwork. ·. Nov 1, 2019. #WATCH: Mississippi Governor Phil Bryant @PhilBryantMS ..."
143,WE ARE GOING TO WIN THE 2020 ELECTION #RNC2020 #LatinosForTrump #TrumpNowMoreThanEver2020 #TrumpPence2020 #MAGA2020.
144,"Dec 19, 2019. 7 another,another one!!!!! The. @HouseDemocrats. have no idea of the shitstorm they have called down!!!!! #KAG #TrumpPence2020."
145,"Cartoon for January 6, 2021 #Trump #Pence #TrumpPence2020 #Elections2020. 圖片. 下午2:17 · 2021年1月6日 · 681. 則轉推 · 61. 引用 · 2,458. 個喜歡. 15. 個書籤."
146,"Jul 17, 2020 — Thank you for your support to Venezuela     and God bless the United States     #TrumpNowMoreThanEver #4MoreYears #TrumpPence2020 #MAGA2020 ..."
147,"Oct 31, 2020. MMmmm.... Donuts.... Sooth, though: stirring stuff! Curtis Bailey · @Curtis_Bailey. ·. Oct 31, 2020 · #TrumpPence2020 · Jeff Edwards."
148,#MAGA2020 #Macedonians for #Trump #Trump2020 #TrumpPence2020. الصورة. ١٠:٢٣ م · ٣ نوفمبر ٢٠٢٠ من Поранешна Југословенска Република Македонија.
149,"Sep 12, 2020 — WE ARE GOING TO WIN THE 2020 ELECTION   #LatinosForTrump #TrumpNowMoreThanEver2020 #TrumpPence2020 #MAGA2020."
150,"Sep 5, 2020 — WE ARE GOING TO WIN THE 2020 ELECTION   #RNC2020 #LatinosForTrump #TrumpNowMoreThanEver2020 #TrumpPence2020 #MAGA2020."
151,and God bless the United States #TrumpNowMoreThanEver #4MoreYears #TrumpPence2020 #MAGA2020 #VenezuelansWithTrump. @TX_WalkerRanger.
152,#TrumpNowMoreThanEver #4MoreYears #TrumpPence2020 #MAGA2020 #VenezolanosConTrump. 5. 13. ⚯͛ วมขอเซย์โน• 🏳️‍  . @wilxiiix.
153,"#trump2020 #TrumpPence2020 #trumpsaveamerica #truth #realDonaldTrump. 1. Paul E Needham · @PaulyNeedham. ·. Sep 13, 2020. Many only see the negative!"
154,She'll be LOYAL throughout the FINAL MONTH OCTOBER 2020! We will forever remember Ivanka as a #TrumpStumper! #TrumpPence2020 #TedCruz.
155,"Nov 2, 2020 — Conversation. Randy Quaid · @RandyRRQuaid. CRUSHING IT!!! #TrumpPence2020 · Embedded video. 0:10. 303.6K views. 2:39 PM · Nov 2, 2020."
156,"Jul 28, 2020 — Thank you for your support to Venezuela    and God bless the United States     #TrumpNowMoreThanEver #4MoreYears #TrumpPence2020 #MAGA2020 ..."
157,"Sep 2, 2020 — #MAGA2020 #MAGA2020LandslideVictory #MAGA2020Landslide #KAG2020 #TrumpPence2020 #TrumpPence2020LandslideVictory #TrumpPenceOutNow ..."
158,"Aug 20, 2020 — ... God Bless YOU, God Bless PENNSYLVANIA, and God Bless AMERICA!” @realDonaldTrump. OLD FORGE, PENNSYLVANIA! #TrumpPence2020 #MAGA      ."
159,"Sep 25, 2020 — ... her reputation but she only knows how to keep #stumping through the entire FINAL MONTH of OCT 2020! #TrumpPence2020 #TedCruz #Dobbs."
160,... we are so glad that you're all better President #DonaldJTrump v. Chinese VIRUS #LatinosForTrump #TrumpPence2020 #TrumpNowMoreThanEver2020.
161,... the most persistent #Fly ever seen #Trump2020 #pencesfly #2020Election #BidenHarrisToSaveAmerica #TrumpPence2020 #TrumpPence2020Victory #LongLiveTrump.
162,"#TrumpPence2020. 1. 1. 1. When Is Trump Gone? @DaysLeft4Trump. ·. 24 sept. 2020. Automatizado. 3 Months, 27 Days, 14 Minutes, and 29 Seconds."
163,"Oct 23, 2020 — ➡️ A United States on the march toward socialism. Under #TrumpPence2020 we get: ➡️ Lower taxes, less regulation, fairer trade deals, and a ..."
164,"Oct 17, 2020 — I'm voting for President Trump #TrumpPence2020. 15. 2. 63. Show replies. The Resistor Sister ®️ ♥️ · @the_resistor. ·. Oct 17, 2020."
165,"Aug 26, 2020 — US is alone despite its intimidation. Period. 1. 1. Show replies. Joyce Bruns · @JoyceBruns. ·. Aug 27, 2020. Vote #TrumpPence2020 !"
166,"Jun 19, 2019 — Conversation. Marco Rubio · @marcorubio. And so it begins... #TrumpPence2020 · Embedded video. 0:32. 231K views. 1:40 AM · Jun 19, 2019."
167,"Aug 27, 2020 — #TrumpPence2020 · Laurence (Larry) Boorstein · @LarryBoorstein. ·. Aug 27, 2020. ""Never in recent times has a president used the majesty of ..."
168,"@SaveVenice1. ·. Nov 3, 2020. Haha. 2. Connie ⚜️ · @iwuvme. ·. Nov 3, 2020 · #TrumpPence2020. Show more replies."
169,"Apr 23, 2020 — Mike Pence. @Mike_Pence. pscp.tv. mike_pence was LIVE. 154. 328. 1,676. ChazBoul · @CvBoul1 · #TrumpPence2020. Image. 9:57 PM · Apr 23, 2020."
170,"May 23, 2020 — @Unhinged4AReasn. ·. ۲۳ مهٔ ۲۰۲۰. درحال پاسخ به. @FOX13News. Yes, Florida! Go #pinellas! #MAGA2020 #TrumpPence2020 #TrumpLandslide2020."
171,"#TrumpPence2020 #johnjames. Quote Tweet. John James · @JohnJamesMI. ·. Aug 20, 2019. We had an incredible moment to share Detroit's progress and opportunity ..."
172,"Feb 4, 2020 — ... of this race and cement his legacy as a transformational leader ushering in a new era of American greatness. #SOTU2020 #TrumpPence2020."
173,This is a lie this President loves everyone in the Military shame on this disgusting accusations of straight out lies. #TrumpPence2020 Trump denies report ...
174,"Jun 19, 2019 — Yes! #TrumpPence2020 #KeepAmericaGreat · @gtl247 · @eytan1212. ·. Jun 19, 2019. Great speech very powerful and uplifting #MAGA2020 ..."
175,"“laws of the game” vs “spirit of the game”, there's a difference. Let the courts lift the curtains #election2020 #TrumpPence2020 #BidenHarris2020."
176,"Dec 22, 2020 — tony lopez trisha paytas tiktok #kpop #covid19 #trump2020 #trumppence2020 views nsfw 18+ kpop bts blackpink loona anime haikyuu trump donald ..."
177,"departing Newport Beach, California for a rally in Carson City, Nevada. THANK YOU CALIFORNIA!!!! #TrumpPence2020 #MAGA       http://Vote.DonaldJTrump.com."
178,"Jul 12, 2020 — #TrumpNowMoreThanEver #4MoreYears #TrumpPence2020 #MAGA2020 #VenezolanosConTrump. Image. 2:01 AM · Jul 12, 2020."
179,"Never quit. #Trump2020 #TrumpPence2020 fuck these Democrats. Image. 3:57 AM · Jan 6, 2021 · 12. Retweets."
180,SERÁ REELECTO #TrumpNowMoreThanEver2020 #MAGA2020 #TrumpPence2020 #VenezolanosConTrump. 10. 226. 232. LAG ✞. @DerekLagway.
181,"Nov 13, 2020 — @TimPaine1794. ·. Nov 13, 2020. Has. @realDonaldTrump. promoted this cure? Were they #TrumpPence2020 contributors?"
182,Cartoon for #VeteransDay2020 #RemembranceDay2020 #VeteransDay #RemembranceDay #TrumpConcede #TrumpPence2020. Image. 1. Starvy Marvy · @StarvyMarvy.
183,"#TrumpPence2020 Ps46:1 God is our refuge and strength, an ever-present help in trouble. New Jersey, USA facebook.com/carolynn.caros… Joined June 2020."
184,@realDonaldTrump @JoeBiden @Mike_Pence @KamalaHarris #BidenHarris2020 #TrumpPence2020 #Poll #Polls #OnlyPolls #Follow #Retweet. Show this poll.
185,"#TrumpPence2020. 2. Asteraceae V · @Calendula2016. ·. Jun 5, 2020. HydroxyChloroquine can be prescribed as prevention when 1st symptoms appear of some flu ..."
186,"Jun 19, 2019 — 2020 kickoff rally. Black conservatives are ready to work to Keep America Great! #LeadRight #TrumpPence2020 #WatchParty #KeepAmericaGreat."
187,@thetaylorsmusic. we're honored to sing the National Anthem at the. @realDonaldTrump · @VP · #trumppence2020 rally! #KeepAmericaGreat.
188,"Jun 4, 2023 — Click to Follow abogadosvenezu1 · President #DonaldJTrump v. Chinese VIRUS #LatinosForTrump #TrumpPence2020 #TrumpNowMoreThanEver2020."
189,#TrumpPence2020 #WidowsTax #christian MySpouseServed E7Army/NationalGuard-MP-StateTrooper-FireFighter 3rdgen LEO-CNALTF #PersainGulfWar #Kag18.
190,"#TrumpPence2020 #MAGA · I Sputter Online · @SputterOnline. ·. Oct 7, 2020. Why is it that you think this will happen without repercussions?"
191,"Dec 4, 2020 — #KingdomWithPahlavi #TrumpPence2020 تنها راه حل فقط و فقط نابودی و سرنگونی نظام تروریستی و فاسد و جنایتکار جمهوری اسلامی است پاینده ایران ..."
192,"Choose wisely, smoke suffocates & mirrors break. Listen up #TrumpPence2020 isn't #Christianity #pray""-Bishop Abad. Profits Development · @ProfitsDevelop."
193,#TrumpNowMoreThanEver #4MoreYears #TrumpPence2020 #MAGA2020 #VenezolanosConTrump. 1. 13. 31. 사랑둥이 귀염둥이 세훈이. @milkteus.
194,"Oct 27, 2020 — @TITORODRIGUEZZ. EE.UU | La reelección de #TrumpPence2020, es un hecho Arriba. @realDonaldTrump. Abajo Joe Biden."
195,... a former US president but the half-siblings very well could see prison time if they don't consider all their options! #TrumpPence2020 #Ivanka #TedCruz.
196,"Sep 19, 2020 — WE ARE GOING TO WIN THE 2020 ELECTION   #LatinosForTrump #TrumpNowMoreThanEver2020 #TrumpPence2020 #MAGA2020."
197,#voterfraud #DemocratsAreCorrupt #TrumpPence2020 #BidenHarris2020 #TrumpvsBiden #arizona #pennsylvania #Michigan https://t.co/9jxVkFTgql.
198,"Oct 13, 2020 — #TrumpPence2020 #Ivanka #MAGA #TRUMPSTUMP · Florida Blade · @SufcBlade1889. ·. Oct 13, 2020. Maskless high fives all round!"
199,"Sep 1, 2020 — Very True. #TrumpPence2020 · Paul Dunfee · @lvhothead2483. ·. Sep 1, 2020. Trump. Keeping us safe. Image. 1. 2. 1. ✨ Queen Sug'ga ✨."
,Tweet
0,"Jun 3, 2021 — #Trump2020. Quote Tweet. Dale Crafts · @DaleCraftsME. ·. Oct 28, 2020. Maine is up for #4moreyears. @TeamTrump @TeamTrumpOnTour #Maga ..."
1,"Aug 28, 2020 — Fireworks reading ""TRUMP 2020"" light up the Washington, D.C., sky after Pres. Trump concludes his acceptance speech for the Republican ..."
2,"#Trump2020 people. Listen to this. Quote Tweet. Dennis Herring · @dcherring. ·. Nov 7, 2020. “That's not true. It's not true. It's just not true."
3,#Trump2020 #Repost the_typical_liberal ・・・ Trump's rally tonight was incredible! Back in business. The left wants you to believe that protesting in massive ...
4,"May 27, 2020 — @JoeBiden . #joebidendiss #trump2020 #trump #YouAintBlack ... T-shirt idea for you Marine: ""Got blackness leaving my body, Trump 2020."" LOL."
5,"Jun 20, 2020 — #trump2020 Trump Tulsa rally: Trump: 0, covid-19: 1. 11:43 PM · Jun 20, 2020."
6,Sheryl Crow - Wouldn't Want To Be Like You/The Na- Na Song (Quarant... The truth matters. #Trump2020 #Biden2020#Vote2020My Band:Fred EltringhamAudley ...
7,"Jun 19, 2019 — ... our campaign with the best record, the best results, the best agenda, & the only positive VISION for our Country's future! #Trump2020."
8,Better late than never huh Big hurry for cure now that Trump's base is dying but when it was DEMOCRATIC states in the beginning it was their problem. I said it ...
9,"Who knew that #Trump2020 was an expiration date? 12:05 PM · Nov 6, 2020 · 3,749. Retweets · 474. Quotes · 39.2K. Likes. 40. Bookmarks. Initium_Novum."
10,"He will be president. Maybe not 2020, but he will get there. Wish I could mark this as a prediction, come back and find it in 2028, if I'm still alive."
11,"Nov 2, 2020 — @matteosalvinimi. GO, DONALD, GO! #maga #maga2020 #trump #trump2020 #vote #realDonaldTrump #Elections2020. Image. 4:30 PM · Nov 2, 2020."
12,"#trump #Trump2020 #TrumpCamps. Image. 1:26 AM · Jul 17, 2019 · 605. Retweets · 34. Quotes · 2,114. Likes. 10. Bookmarks. ThugLifeSocial · @ThugLifeSocial. ·."
13,"#TRUMP2020. @W0W_WE. Average American CITIZEN who Loves God, Family & the USA. Conservative. #MAGA RTs are not endorsements. SE Joined November 2012."
14,"Oct 27, 2019 · #trump2020 · Lesley Abravanel · @lesleyabravanel. ·. Oct 27, 2019. He was golfing. But this picture will always be historic."
15,گفتگو ; Jared & Sarah · @JAREDandSARAH · But but but Trump said he already defeated ISIS! · ۸۷ ; Atheen - 45=47 #FJB · @Atheen_ · #Trump2020 #USA #AMERICAFIRST ...
16,... who hate Trump's guts and will twist a story to make him look bad! You guys don't even care you're losing viewers you hate him so much! #Trump2020.
17,#Trump2020 #2020Elections #DonaldTrump #PresidentTrump #LoserInChief #LOSER #JoeBiden #Biden2020 #PresidentElectBiden #OneTermTrump https://tinyurl.com/ ...
18,Mostra els tuits nous. Conversa. Femi Fani-Kayode · @realFFK. True. #USElectionResults2020 #MAGA #Trump2020 #Trump. Imatge. 7:51 a. m. · 7 de nov. de 2020.
19,"Oct 30, 2020 — Red wave #trump2020 #LilWayne · @realDonaldTrump · Embedded video. 0:13. 12:14 AM · Oct 30, 2020."
20,"#TrumpCovid19 #Trump2020 #cartoonrepost. Image. 11:58 AM · Oct 5, 2020 · 1,082. Retweets · 121. Quotes · 3,557. Likes. 35. Bookmarks. janelle macdonald."
21,"#Trump2020 #T#trumprumpCovid19 #Trump2020LandslideVictory. Image. 11:34 AM · Oct 5, 2020 · 580. Retweets · 23. Quotes · 1,992. Likes. 14. Bookmarks."
22,"It will be this Wednesday at 6:00 PM in Des Moines! Protect Iowa's future, and show your support for President Trump! #Trump2020 http://electtrump.co/3lrljh."
23,"Oct 24, 2020 — #Trump2020 #Trump2020 #Trump2020 #Trump2020, I'm voting early for President Trump!"
24,"Cartoon repost. #cartoonrepost #trump #Trump2020. Image. 11:59 PM · Sep 21, 2020 · 425. Retweets · 16. Quotes · 1,715. Likes. 9. Bookmarks."
25,Would selling Trump 2020 masks have stopped Andrew Cuomo from sending COVID positive patients to nursing homes to kill off old people? 104.
26,"2,968. 2,790. 9,821. Tony Soprano · @Tony_Soprano___. ·. Jun 1, 2020. Image. 5. 14. 78. Debra Lynn Mueller · @debmuel66 · #Trump2020 · 4:33 AM · Jun 4, 2020."
27,At today's #AntiCommunist Caravan in #Miami — we lost our homeland we don't want to lose America. #Trump2020 #KAG ... Exactly TRUMP 2020.
28,نمایش پاسخ‌ها. Jorge Rausch McKenna · @JorRausch. ·. ۲۳ ژوئیهٔ ۲۰۲۰. درحال پاسخ به. @WhiteHouse45 · @WhiteHouse. و. @realDonaldTrump · #Trump2020.
29,"The #Trump2020 campaign is already fundraising off of the #MuellerReport. Image. 6:25 PM · Apr 18, 2019 · 9. Retweets."
30,"Sunday skywriting over Rhodes .. interesting #trump2020. Image. 12:58 AM · Nov 15, 2020 from Sydney, New South Wales."
31,"Aug 28, 2020 — This Montana family had their #Trump2020 flags burned in their yard as their children slept. The liberal mob isn't just in cities across the ..."
32,"See new Tweets. Conversation. Femi Fani-Kayode · @realFFK. True. #USElectionResults2020 #MAGA #Trump2020 #Trump. Image. 7:51 AM · Nov 7, 2020."
33,"Cartoon on Trump. #TrumpPressConf #Trump #Trump2020 #coronavirus #COVID19. Image. 1:57 PM · May 4, 2020 · 545. Retweets · 28. Quotes · 1,473. Likes."
34,"See new Tweets. Conversation. Michael de Adder · @deAdder. Cartoon repost. #cartoonrepost #Trump #Trump2020 #uspoli. Image. 2:17 PM · Oct 30, 2019."
35,"#MAGA2020 #Macedonians for #Trump #Trump2020 #TrumpPence2020. Image. 10:23 PM · Nov 3, 2020 from Former Yugoslav Republic of Macedonia."
36,... White House with the Trump family and a small group of dignitaries eating a beautiful dinner and getting ready to watch a victory tonight! #Trump2020.
37,"#Trump2020 · YoungMarineMoM · @ChristyHaleYou1. ·. Nov 3, 2020. I voted for Donald Trump then I voted down ballot for all Republicans on my ballot!"
38,"Sep 20, 2020 — #Trump2020 ❤️    . Image. 11:30 PM · Sep 20, 2020."
39,"#trump #TrumpTantrum #trump2020. Image. 1:41 PM · Dec 24, 2020 · 211. Retweets · 19. Quotes · 952. Likes. 4. Bookmarks. Spidey 🕷️."
40,"#TrumpIsALaughingStock #Trump2020 #TrumpMeltdown2020. Image. 2:42 AM · Nov 13, 2020 · 421. Retweets · 62. Quotes · 2,003. Likes. 7. Bookmarks."
41,"Nov 3, 2020 — @david_pincus. ·. Nov 3, 2020. Vote against racism, not for it. 2. 63. Chase G · @Cuttothechase11. ·. Nov 3, 2020. Let's goooo! #trump2020."
42,"#covid #covid19 #Trump #Trump2020. Image. 1:51 PM · Nov 30, 2020 · 288. Retweets · 63. Quotes · 1,667. Likes. 13. Bookmarks. Darcie Lanthier."
43,"Boxers of Briefs? #BTFBB #MAGA #Trump2020. Image. 12:56 PM · Oct 9, 2020 from Largo, FL · 4. Retweets."
44,"Oct 27, 2020 — The enthusiasm and passion for our president. @realDonaldTrump. is truly incredible!!! #JewsForTrump #Trump2020 It was to great speak with."
45,#Trump2020 Bracelets4Sale. @PoliticalBrace1. Just someone trying to spread the #maga movement through free enterprise. Happy to answer any questions!
46,"Nov 3, 2020 — #USAElections2020 #BidenHarris2020 #Trump2020 #Biden2020 #TrumpCollapse #Vote2020 ❤️  . Donald Trump (GOP). 53%. Joe Biden (DEM)."
47,"Bella ricetta #Trump2020 #Trump. Image. 9:36 AM · Jan 7, 2021 · 5. Retweets · 1. Quote · 39. Likes. 1. Bookmark."
48,American's United for President Donald J Trump #45 #Trump2020 https://vm.tiktok.com/JjUjmVb/ · Sam Phillips · @realSamPhillips.
49,"Sep 21, 2020 — #Trump2020 has been painted in several places along Rt44 in #Plymouth #Plympton area #WBZ #SkyEye. Image. 3:34 PM · Sep 21, 2020."
50,"Jun 19, 2019 — ... we are KEEPING our promises to the American People. Because my only special interest is YOU! #Trump2020. Image. 1:52 AM · Jun 19, 2019."
51,"... to fight for our Freedoms & our Future. http://Vote.GOP #Trump2020. Image. GOP and 2 others · 1:29 AM · Aug 6, 2020 from North Carolina, USA."
52,"—Thousands lovin' Trump with ONLY 2 days 'til Election Day❗️ #VoteRed2020 #Trump2020 #copolitics #cosen. Image. 8:42 PM · Nov 1, 2020."
53,"Nov 22, 2020 — Yes #Trump2020 https://twitter.com/realTrumpForce/status/1329400545292005377… This Tweet is unavailable. 2:34 AM · Nov 22, 2020."
54,"Trump 2020     #Trump2020 #Trump #KeepAmericaGreat2020. Image. 4:56 PM · Jul 13, 2020 · 13. Retweets · 1. Quote · 154. Likes. 1. Bookmark. Craig and Sue."
55,Colorado Trump Victory Campaign | Eastern CO Field Organizer | Former White House Intern | TRUMP 2020 #LeadRight. Joined June 2020.
56,"Cohen acts like he's in the mob. #TRUMP2020 · @W0W_WE. ·. Aug 7, 2015 · @politico · @SchreckReports. Really?! ""He's looking at me!"" #TRUMP2020."
57,"I WILL NOT YIELD! #Trump2020. Quote Tweet. Donald J. Trump · @realDonaldTrump. ·. Nov 10, 2020. WE WILL WIN! 1:20 AM · Nov 11, 2020."
58,"Jun 25, 2020 — @TerryinSoCalif. ·. Jun 26, 2020. Just get out the vote! It's the only way he wins again! #Trump2020. 8. 65. President Trump 2024 or bust."
59,"Dec 12, 2020 — 12/13/2020- Trump's Last Shot #Trump #DonaldTrump #PresidentTrump #SoreLoser #PresidentElectBiden #PresidentElectJoeBiden #Trump2020 ..."
60,#trump #Trump2020 #TrumpVirusCatastrophe #Democracy. Image. 3:13 PM · 4 août 2020 · 349. Retweets · 14. citations · 1 206. J'aime. 5. Signets.
61,"Bruh he is talking about getting more sleep. Do you always want to loose an hour. 4. 3. 2. Jenton · @jenton82. ·. Mar 13, 2019 · #Trump2020 I support Trump."
62,So good to see Left and Right finally come to the middle. Music really brings us together. #trump2020 #bidenharris2020 @ Marrakech ...
63,"#Trump2020 @ United States America https://instagram.com/p/CHJuvBOHBne/?igshid=vadok9dio458… 2:26 AM · Nov 4, 2020 from Los Angeles, CA."
64,"Nov 3, 2020 — ... we walk away from this American experiment forever. This election is life and death for this country, and for freedom. Gl hf. #Trump2020."
65,"Nov 6, 2020 — A #Trump2020 defeat could put a stop to the closure of #SRHR clinics around the world. His #gagrule left tens of thousands of women no ..."
66,"#trump #Trump2020 #TrumpVirusCatastrophe #Democracy. Image. 3:13 PM · Aug 4, 2020 · 349. Retweets · 14. Quotes · 1,206. Likes. 5. Bookmarks."
67,#TRUMP2020. @suzi4738. I fully support President Trump and America #MAGA #Americafirst #DrainTheSwamp #KAG *I do not DM*.
68,"Nov 4, 2020 — ... married to losers; Trump claims to have fired her. Updates follows. #usavalg #tv2valg #nrkvalg #ElectionDay #USAElections2020 #Trump2020."
69,"Aug 31, 2020 — Stephen Davis · @Stephend1776. When black conservatives speak!!! #Trump2020 · Embedded video. 2:19. 4.2M views. 9:03 PM · Aug 31, 2020."
70,"Cartoon repost. #cartoonrepost #TrumpMeltdown #TRUMP2020 #trump · @TorontoStar. Image. 12:28 PM · Oct 17, 2019 · 227. Retweets."
71,"is truly a perfect power under a perfect control. #Trump2020 https://twitter.com/KadariaAhmed/status/1190616416594124801/video/1… 1:36 PM · Nov 2, 2019."
72,"Oct 19, 2020 — Air Force One landed at Phoenix (KPHX). https://airportwebcams.net/phoenix-sky-harbor-airport-webcam/… #Trump2020 #POTUS."
73,"Jan 8, 2021 — Whatever it is... Makes an interesting statement nonetheless, if that part is read in isolation. @WhiteHouse · #Trump2020 ..."
74,"Nov 3, 2020 — Donald Trump #Trump2020 #GoTrump https://twitter.com/baki08228526/status/1323643319021428737… This Tweet is unavailable."
75,"http://rgvprayertrain.com McAllen, Texas #Family #God #Freedom #Trump2020. ترجمة التغريدة. الصورة. ٢:٣٨ ص · ١٨ أكتوبر ٢٠٢٠ من McAllen, TX."
76,"Sep 28, 2020 — If you support President Trump, and want updates directly from the campaign (like I do) -- text ""Dean"" to 88022 #Trump2020."
77,"Jan 6, 2021 — What the hell? Donald Trump and his supporters are the plague (worse than the one we're currently in the midst of, I mean.) #Trump2020 ..."
78,"Lukas y Tram #Trump2020 #TrumpConcede #EleccionesEEUU #Dark #humor #Loser #lukas. Image. 12:59 PM · Nov 11, 2020 · 6. Retweets."
79,You inspire me to serve my community & be @getoutspoken20! Special thank you to. @kimguilfoyle. for being a fantastic ally! #Trump2020.
80,"Over 65 million people voted for #Trump2020 and even if #BidenHarris2020 win, this should neither be forgotten nor ignored. If you're one of those people, ..."
81,"Sep 20, 2020 — gathered on #LongIsland Sunday for a car parade. Attendees say they have the right to show their support to #Trump2020."
82,"Aug 7, 2020 — Flowin'! #Trump2020 I'm 'bout that, touch my hat I doubt that, #2A never go without that. Ooo, ooo, ooo, ooo!. Quote Tweet."
83,"Nov 3, 2020 — This is beautiful. I wish I was pitted in that right about now! Brandi · @brandibelle73. ·. Nov 3, 2020. Good Lord willing! #Trump2020 # ..."
84,"Aug 28, 2020 — And we've done an incredible job in every aspect of running government, but I had to start campaigning a little bit again."" #Trump2020."
85,"Nov 3, 2020 — VOTE ⬇️ #USElections2020 #USElection2020 #Trump2020 #Biden. Donald Trump. 49.1%. Joe Biden. 50.9%. 835 votes·Final results."
86,... WITH LIES AND MISLEADING FACTS FROM CORRUPT LYING FAKE MEDIA #NRA #JoinTheNRA #JusticeRising #RedWaveRising2018 #LawEnforcement #Trump2020.
87,"Nov 4, 2020 — Florida is gone! Look for another path to victory got Biden that does not run through Florida #Trump2020 · 4:57 AM · Nov 4, 2020."
88,"Nov 2, 2020 — But if Trump wins Pennsylvania, he will still need Florida to win re-election. #USElections2020 #2020Election #Trump2020 #BidenHarris2020."
89,"Jan 7, 2021 — #CapitolRiots #Trump #TrumpRally #Trump2020 #Washington #WashingtonDC #WashingtonDCProtest #CapitolBuilding. Image. 4:13 PM · Jan 7, 2021."
90,"Nov 4, 2020 — Wonders shall never cease to happen. Even his 'I don't care' face is looking like a 'what is going on?' Face! Let him not faint! #Trump2020."
91,"Oct 3, 2020 — “Good luck” - Joe Biden's earpiece #BidenHarris2020 #Trump2020 · Embedded video. 0:26 · 7:57 PM · Oct 3, 2020."
92,"Jun 13, 2020 — One of the attendees is wearing a #Trump2020 t-shirt. “Make Liberals Cry Again”. Image. 1:36 PM · Jun 13, 2020."
93,"Jul 4, 2020 — @BillHagertyTN. RT if you want to see President. @realDonaldTrump. on Mount Rushmore! #MAGA #Trump2020. Image. 2:30 PM · Jul 4, 2020."
94,"Oct 22, 2020 — Spotted in #daytonabeach #redkingdom #Trump2020 #trump2020     #trumptrain #trumptrain     #maga #maga2020."
95,Just because the Dr was giving her all of you options doesn't mean he was telling her to do it. 1. ~ Crystal ~ #TRUMP2020 #TrumpTrain.
96,"Jan 13, 2020 — #TRUMP2020 #TRUMP2020 #TRUMP2020 #TRUMP2020 · Toby Johnson · @808WarBoy. ·. Jan 13, 2020. Put a lid on it already! You're done!!"
97,"Aug 24, 2020 — . #Trump2020 #RNCConvention2020 https://foxnews.com/opinion/trump- ..."
98,"Aug 20, 2020 — Embedded video. 1:33. 1.1K views. 3. 10. 44. Peter Paul Emaju · @atekerteso · #Trump2020 · 11:15 AM · Aug 20, 2020."
99,"Dec 4, 2020 — Then you are lying to yourself! #KeepFightingMrPresident    . @realDonaldTrump · #ItsNotOver #WeWillWin #Trump2020 #FourMoreYears."
